FishID,GroupID,Rank,LC_Adj,Init_TL,Diff_TL,Perc_change_TL,Shrink,Growth_ThreeGroups,Dev_Temp_LC,M_Temp_LC,Max_Temp_LC,Dev_Temp_LC_INIT,M_Temp_LC_INIT,Max_Temp_LC_INIT
B003_1,B003,1,3,62.83,-0.67,-1.066369569,1,3,0.89,30.725,31.39,0.45,32.01,32.28
B003_1,B003,1,5,63.5,-0.5,-0.787401575,1,3,0.59,29.382,28.44,0.43,29.849,30.11
B003_1,B003,1,4,62.17,1.33,2.13929548,0,3,0.43,29.849,30.11,0.89,30.725,31.39
B004_1,B004,1,1,63,-1,-1.587301587,1,2,2.195,31.726,32.985,2.96,31.1175,32.89625
B004_1,B004,1,5,67.17,0.5,0.744379932,0,2,1.76125,27.5915,28.18875,1.065,29.823,30.41
B004_1,B004,1,3,63.33,1.33,2.100110532,0,2,1.19,30.813,31.43,2.595,32.156,33.12
B004_1,B004,1,2,62,1.33,2.14516129,0,2,2.595,32.156,33.12,2.195,31.726,32.985
B004_1,B004,1,4,64.67,2.5,3.865780114,0,2,1.065,29.823,30.41,1.19,30.813,31.43
B004_2,B004,2,1,56.5,-0.5,-0.884955752,1,2,2.195,31.726,32.985,2.96,31.1175,32.89625
B004_2,B004,2,3,56.83,0,0,0,2,1.19,30.813,31.43,2.595,32.156,33.12
B004_2,B004,2,5,57.67,0.17,0.294780649,0,2,1.76125,27.5915,28.18875,1.065,29.823,30.41
B004_2,B004,2,4,56.83,0.83,1.460496217,0,2,1.065,29.823,30.41,1.19,30.813,31.43
B004_2,B004,2,2,56,0.83,1.482142857,0,2,2.595,32.156,33.12,2.195,31.726,32.985
B005_1,B005,1,3,70.83,-0.17,-0.240011295,1,2,0.887,30.806,31.49,0.385,32.29,32.475
B005_1,B005,1,4,70.67,0.33,0.466959106,0,2,0.6,29.824,30.18,0.887,30.806,31.49
B005_1,B005,1,5,71,0.5,0.704225352,0,2,0.624,29.344,28.545,0.6,29.824,30.18
B005_1,B005,1,2,69,1.83,2.652173913,0,2,0.385,32.29,32.475,0.695,32.038,32.357
B005_2,B005,2,4,56.33,-0.5,-0.887626487,1,2,0.6,29.824,30.18,0.887,30.806,31.49
B005_2,B005,2,5,55.83,0.67,1.200071646,0,2,0.624,29.344,28.545,0.6,29.824,30.18
B005_2,B005,2,3,54.83,1.5,2.735728616,0,2,0.887,30.806,31.49,0.385,32.29,32.475
B005_2,B005,2,2,50.5,4.33,8.574257426,0,2,0.385,32.29,32.475,0.695,32.038,32.357
B006_1,B006,1,4,63,-0.83,-1.317460317,1,3,0.77,29.853,30.28,1.172,30.903,31.76
B006_1,B006,1,2,61.5,-0.17,-0.276422764,1,3,1.103,32.048,32.568,0.632,31.644,31.98
B006_1,B006,1,5,62.17,0.5,0.804246421,0,3,1.015,28.898,28.128,0.77,29.853,30.28
B006_1,B006,1,3,61.33,1.67,2.722974075,0,3,1.172,30.903,31.76,1.103,32.048,32.568
B006_2,B006,2,5,45.17,-0.33,-0.730573389,1,2,1.015,28.898,28.128,0.77,29.853,30.28
B006_2,B006,2,4,44.67,0.5,1.119319454,0,2,0.77,29.853,30.28,1.172,30.903,31.76
B006_2,B006,2,3,44.17,0.5,1.131990038,0,2,1.172,30.903,31.76,1.103,32.048,32.568
B006_2,B006,2,2,43.5,0.67,1.540229885,0,2,1.103,32.048,32.568,0.632,31.644,31.98
B007_1,B007,1,5,74.33,-0.33,-0.443966097,1,2,1.093666667,28.734,27.829,0.79,29.851,30.28
B007_1,B007,1,3,73.83,0.17,0.230258702,0,2,1.305,30.942,31.87,1.186,32.007,32.599
B007_1,B007,1,4,74,0.33,0.445945946,0,2,0.79,29.851,30.28,1.305,30.942,31.87
B007_1,B007,1,2,73.33,0.5,0.681849175,0,2,1.186,32.007,32.599,0.77,29.853,30.28
B007_2,B007,2,4,53.83,-0.5,-0.928850084,1,3,0.79,29.851,30.28,1.305,30.942,31.87
B007_2,B007,2,2,54.17,-0.33,-0.60919328,1,3,1.186,32.007,32.599,0.77,29.853,30.28
B007_2,B007,2,3,53.83,0,0,0,3,1.305,30.942,31.87,1.186,32.007,32.599
B007_2,B007,2,5,53.33,0.67,1.256328521,0,3,1.093666667,28.734,27.829,0.79,29.851,30.28
B008_1,B008,1,5,78.5,-0.67,-0.853503185,1,2,0.917829228,27.531,28.112,0.64,29.816,30.2
B008_1,B008,1,4,78.17,0.33,0.422156838,0,2,0.64,29.816,30.2,0.85,30.781,31.44
B008_1,B008,1,3,77.33,0.83,1.073322126,0,2,0.85,30.781,31.44,0.315,32.202,32.36
B008_1,B008,1,2,75,2.33,3.106666667,0,2,0.315,32.202,32.36,1.059,31.711,32.256
B008_1,B008,1,1,70,5,7.142857143,0,2,1.059,31.711,32.256,0.8965,31.084,31.656
B008_2,B008,2,4,62.83,-0.33,-0.525226802,1,2,0.64,29.816,30.2,0.85,30.781,31.44
B008_2,B008,2,5,62.5,0,0,0,2,0.917829228,27.531,28.112,0.64,29.816,30.2
B008_2,B008,2,3,62.5,0.33,0.528,0,2,0.85,30.781,31.44,0.315,32.202,32.36
B008_2,B008,2,2,60,2.5,4.166666667,0,2,0.315,32.202,32.36,1.059,31.711,32.256
B008_2,B008,2,1,55,5,9.090909091,0,2,1.059,31.711,32.256,0.8965,31.084,31.656
B010_1,B010,1,2,79,0.67,0.848101266,0,1,1.673,32.101,32.887,3.04,31.455,33.04
B010_1,B010,1,1,78,1,1.282051282,0,1,3.04,31.455,33.04,3.44602439,30.4464,33.3092
B010_2,B010,2,1,54,-0.67,-1.240740741,1,2,3.04,31.455,33.04,3.44602439,30.4464,33.3092
B010_2,B010,2,3,54.17,0.33,0.60919328,0,2,0.857,30.78,31.283,1.673,32.101,32.887
B010_2,B010,2,4,54.5,0.5,0.917431193,0,2,1.127,30.166,30.84,0.857,30.78,31.283
B010_2,B010,2,2,53.33,0.83,1.556347272,0,2,1.673,32.101,32.887,3.04,31.455,33.04
B010_2,B010,2,5,55,2.33,4.236363636,0,2,1.901666667,27.8524,29.2072,1.127,30.166,30.84
B011_1,B011,1,5,68.67,0,0,0,1,0.844666667,29.723,28.791,0.41,30.001,30.18
B011_1,B011,1,3,66.83,0.5,0.748166991,0,1,0.889,30.815,31.487,1.235,32.165,32.712
B011_1,B011,1,4,67.33,1.33,1.975345314,0,1,0.41,30.001,30.18,0.889,30.815,31.487
B011_2,B011,2,5,52.33,-0.33,-0.630613415,1,2,0.844666667,29.723,28.791,0.41,30.001,30.18
B011_2,B011,2,4,51.83,0.5,0.964692263,0,2,0.41,30.001,30.18,0.889,30.815,31.487
B011_2,B011,2,3,51.17,0.67,1.309360954,0,2,0.889,30.815,31.487,1.235,32.165,32.712
B142_1,B142,1,4,74.17,-1.17,-1.577457193,1,3,0.643,30.029,30.427,1.363,30.994,31.96
B142_1,B142,1,2,73.5,-0.5,-0.680272109,1,3,1.018,32.054,32.588,1.717,32.018,32.762
B142_1,B142,1,1,74,-0.5,-0.675675676,1,3,1.717,32.018,32.762,1.9045,31.77925,32.14375
B142_1,B142,1,5,73,0.17,0.232876712,0,3,1.18525,28.26575,28.32725,0.643,30.029,30.427
B142_1,B142,1,3,73,1.17,1.602739726,0,3,1.363,30.994,31.96,1.018,32.054,32.588
B142_2,B142,2,4,55.17,-1,-1.8125793,1,2,0.643,30.029,30.427,1.363,30.994,31.96
B142_2,B142,2,2,54.5,0.17,0.311926606,0,2,1.018,32.054,32.588,1.717,32.018,32.762
B142_2,B142,2,3,54.67,0.5,0.914578379,0,2,1.363,30.994,31.96,1.018,32.054,32.588
B142_2,B142,2,5,54.17,0.83,1.532213402,0,2,1.18525,28.26575,28.32725,0.643,30.029,30.427
B142_2,B142,2,1,53,1.5,2.830188679,0,2,1.717,32.018,32.762,1.9045,31.77925,32.14375
B19_1,B19,1,5,64.17,-0.17,-0.264921303,1,2,0.58625,27.42675,27.37,0.43,29.815,30.083
B19_1,B19,1,2,62,0,0,0,2,0.822,32.049,32.365,0.323,31.241,31.443
B19_1,B19,1,3,62,0.67,1.080645161,0,2,0.77,30.702,31.257,0.822,32.049,32.365
B19_1,B19,1,1,61,1,1.639344262,0,2,0.323,31.241,31.443,0.519,30.23925,29.964
B19_1,B19,1,4,62.67,1.5,2.393489708,0,2,0.43,29.815,30.083,0.77,30.702,31.257
B19_2,B19,2,1,46.5,0,0,0,1,0.323,31.241,31.443,0.519,30.23925,29.964
B19_2,B19,2,3,48,0,0,0,1,0.77,30.702,31.257,0.822,32.049,32.365
B19_2,B19,2,5,49.5,0,0,0,1,0.58625,27.42675,27.37,0.43,29.815,30.083
B19_2,B19,2,4,48,1.5,3.125,0,1,0.43,29.815,30.083,0.77,30.702,31.257
B19_2,B19,2,2,46.5,1.5,3.225806452,0,1,0.822,32.049,32.365,0.323,31.241,31.443
B20_1,B20,1,5,57.67,-0.67,-1.161782556,1,2,1.09025,27.67675,27.65775,0.35,29.889,30.09
B20_1,B20,1,4,57.17,0.5,0.874584572,0,2,0.35,29.889,30.09,0.993,30.943,31.583
B20_1,B20,1,2,56,0.5,0.892857143,0,2,1.235,32.176,32.73,1.783,31.805,32.74
B20_1,B20,1,1,55.5,0.5,0.900900901,0,2,1.783,31.805,32.74,2.2255,31.16725,32.20625
B20_1,B20,1,3,56.5,0.67,1.185840708,0,2,0.993,30.943,31.583,1.235,32.176,32.73
B20_2,B20,2,1,48,-1.5,-3.125,1,2,1.783,31.805,32.74,2.2255,31.16725,32.20625
B20_2,B20,2,5,47.33,0.17,0.359180224,0,2,1.09025,27.67675,27.65775,0.35,29.889,30.09
B20_2,B20,2,4,47.17,0.17,0.360398558,0,2,0.35,29.889,30.09,0.993,30.943,31.583
B20_2,B20,2,3,47,0.17,0.361702128,0,2,0.993,30.943,31.583,1.235,32.176,32.73
B20_2,B20,2,2,46.5,0.5,1.075268817,0,2,1.235,32.176,32.73,1.783,31.805,32.74
B21_1,B21,1,4,65.33,0.17,0.260217358,0,1,0.3,29.884,30.03,0.94,30.894,31.543
B21_1,B21,1,5,65.5,0.33,0.503816794,0,1,0.90625,27.5205,27.569,0.3,29.884,30.03
B21_1,B21,1,3,65,0.33,0.507692308,0,1,0.94,30.894,31.543,0.965,32.25,32.645
B21_1,B21,1,1,63,0.5,0.793650794,0,1,1.42,31.686,32.62,1.7525,30.9015,32.005
B21_1,B21,1,2,63.5,1.5,2.362204724,0,1,0.965,32.25,32.645,1.42,31.686,32.62
B21_2,B21,2,3,49,0,0,0,1,0.94,30.894,31.543,0.965,32.25,32.645
B21_2,B21,2,4,49,0,0,0,1,0.3,29.884,30.03,0.94,30.894,31.543
B21_2,B21,2,5,49,0,0,0,1,0.90625,27.5205,27.569,0.3,29.884,30.03
B21_2,B21,2,2,48,1,2.083333333,0,1,0.965,32.25,32.645,1.42,31.686,32.62
B21_2,B21,2,1,45,3,6.666666667,0,1,1.42,31.686,32.62,1.7525,30.9015,32.005
B24_1,B24,1,1,54,0,0,0,1,0.408,31.501,31.743,0.552,30.61775,30.1715
B24_1,B24,1,5,59.67,0.33,0.55304173,0,1,0.6115,27.38925,27.0295,0.41,29.82,30.03
B24_1,B24,1,3,57.17,0.33,0.577225818,0,1,0.93,30.782,31.457,0.698,32.196,32.602
B24_1,B24,1,4,57.5,2.17,3.773913043,0,1,0.41,29.82,30.03,0.93,30.782,31.457
B24_1,B24,1,2,54,3.17,5.87037037,0,1,0.698,32.196,32.602,0.408,31.501,31.743
B24_2,B24,2,5,46.33,-0.5,-1.079214332,1,2,0.6115,27.38925,27.0295,0.41,29.82,30.03
B24_2,B24,2,4,45.67,0.67,1.467046201,0,2,0.41,29.82,30.03,0.93,30.782,31.457
B24_2,B24,2,1,41.5,1,2.409638554,0,2,0.408,31.501,31.743,0.552,30.61775,30.1715
B24_2,B24,2,3,44.5,1.17,2.629213483,0,2,0.93,30.782,31.457,0.698,32.196,32.602
B24_2,B24,2,2,42.5,2,4.705882353,0,2,0.698,32.196,32.602,0.408,31.501,31.743
B27_1,B27,1,1,75,-5.33,-7.106666667,1,2,1.799,31.639,32.544,2.101,31.0975,31.865
B27_1,B27,1,2,69.67,0.17,0.244007464,0,2,1.157,32.071,32.687,1.799,31.639,32.544
B27_1,B27,1,4,70.5,0.33,0.468085106,0,2,0.553,29.889,30.18,1.083,30.763,31.583
B27_1,B27,1,3,69.83,0.67,0.959473006,0,2,1.083,30.763,31.583,1.157,32.071,32.687
B27_1,B27,1,5,70.83,0.83,1.17181985,0,2,1.148,27.8185,27.767,0.553,29.889,30.18
B27_2,B27,2,3,56.17,-0.83,-1.477657112,1,2,1.083,30.763,31.583,1.157,32.071,32.687
B27_2,B27,2,4,55.33,0.17,0.307247425,0,2,0.553,29.889,30.18,1.083,30.763,31.583
B27_2,B27,2,1,54,0.83,1.537037037,0,2,1.799,31.639,32.544,2.101,31.0975,31.865
B27_2,B27,2,5,55.5,1,1.801801802,0,2,1.148,27.8185,27.767,0.553,29.889,30.18
B27_2,B27,2,2,54.83,1.33,2.425679373,0,2,1.157,32.071,32.687,1.799,31.639,32.544
B28_1,B28,1,4,70.33,-4.67,-6.640125124,1,3,0.547,29.926,30.2,1.117,30.917,31.66
B28_1,B28,1,3,70.83,-0.5,-0.705915572,1,3,1.117,30.917,31.66,0.622,32.326,32.625
B28_1,B28,1,1,68,1,1.470588235,0,3,1.285,31.798,32.488,1.3225,31.09925,31.70425
B28_1,B28,1,2,69,1.83,2.652173913,0,3,0.622,32.326,32.625,1.285,31.798,32.488
B28_1,B28,1,5,65.67,2.83,4.309425917,0,3,0.89275,27.58675,27.78975,0.547,29.926,30.2
B28_2,B28,2,1,52,0,0,0,1,1.285,31.798,32.488,1.3225,31.09925,31.70425
B28_2,B28,2,4,53.67,0,0,0,1,0.547,29.926,30.2,1.117,30.917,31.66
B28_2,B28,2,5,53.67,0.17,0.316750512,0,1,0.89275,27.58675,27.78975,0.547,29.926,30.2
B28_2,B28,2,3,53.5,0.17,0.317757009,0,1,1.117,30.917,31.66,0.622,32.326,32.625
B28_2,B28,2,2,52,1.5,2.884615385,0,1,0.622,32.326,32.625,1.285,31.798,32.488
B29_1,B29,1,3,60.83,0,0,0,1,1.085,30.876,31.65,1.085,32.55,33.085
B29_1,B29,1,5,61.5,0.5,0.81300813,0,1,1.0545,27.10125,27.2965,0.613,29.851,30.2
B29_1,B29,1,4,60.83,0.67,1.101430215,0,1,0.613,29.851,30.2,1.085,30.876,31.65
B29_1,B29,1,1,57,1,1.754385965,0,1,1.435,31.708,32.587,1.671,30.72375,31.5945
B29_1,B29,1,2,58,2.83,4.879310345,0,1,1.085,32.55,33.085,1.435,31.708,32.587
B29_2,B29,2,5,50.67,-0.83,-1.638050128,1,3,1.0545,27.10125,27.2965,0.613,29.851,30.2
B29_2,B29,2,1,49.5,-0.5,-1.01010101,1,3,1.435,31.708,32.587,1.671,30.72375,31.5945
B29_2,B29,2,3,49.5,0.17,0.343434343,0,3,1.085,30.876,31.65,1.085,32.55,33.085
B29_2,B29,2,2,49,0.5,1.020408163,0,3,1.085,32.55,33.085,1.435,31.708,32.587
B29_2,B29,2,4,49.67,1,2.013287699,0,3,0.613,29.851,30.2,1.085,30.876,31.65
B31_1,B31,1,3,80.5,-1.33,-1.652173913,1,2,1.11,31.095,31.74,1.1,32.081,32.67
B31_1,B31,1,5,80.17,0,0,0,2,1.3235,28.037,28.46475,0.454,30.096,30.37
B31_1,B31,1,2,80,0.5,0.625,0,2,1.1,32.081,32.67,2.63,31.658,33.033
B31_1,B31,1,1,79.5,0.5,0.628930818,0,2,2.63,31.658,33.033,2.953,30.873,32.92425
B31_1,B31,1,4,79.17,1,1.263104711,0,2,0.454,30.096,30.37,1.11,31.095,31.74
B31_2,B31,2,3,64,-1,-1.5625,1,3,1.11,31.095,31.74,1.1,32.081,32.67
B31_2,B31,2,5,64.67,-0.67,-1.036029071,1,3,1.3235,28.037,28.46475,0.454,30.096,30.37
B31_2,B31,2,2,64,0,0,0,3,1.1,32.081,32.67,2.63,31.658,33.033
B31_2,B31,2,1,63,1,1.587301587,0,3,2.63,31.658,33.033,2.953,30.873,32.92425
B31_2,B31,2,4,63,1.67,2.650793651,0,3,0.454,30.096,30.37,1.11,31.095,31.74
B32_1,B32,1,3,48,0.17,0.354166667,0,1,1.015,30.817,31.6,0.663,32.327,32.708
B32_1,B32,1,2,47,1,2.127659574,0,1,0.663,32.327,32.708,1.022,31.941,32.495
B32_1,B32,1,1,46,1,2.173913043,0,1,1.022,31.941,32.495,1.031,31.52275,31.73275
B32_1,B32,1,5,51.5,1.67,3.242718447,0,1,0.702607774,27.70025,27.73625,0.645,29.896,30.2
B32_1,B32,1,4,48.17,3.33,6.9130164,0,1,0.645,29.896,30.2,1.015,30.817,31.6
B32_2,B32,2,5,32.83,-0.83,-2.528175449,1,3,0.702607774,27.70025,27.73625,0.645,29.896,30.2
B32_2,B32,2,1,27,-0.5,-1.851851852,1,3,1.022,31.941,32.495,1.031,31.52275,31.73275
B32_2,B32,2,3,30.83,-0.17,-0.551410963,1,3,1.015,30.817,31.6,0.663,32.327,32.708
B32_2,B32,2,4,30.67,2.17,7.0753179,0,3,0.645,29.896,30.2,1.015,30.817,31.6
B32_2,B32,2,2,26.5,4.33,16.33962264,0,3,0.663,32.327,32.708,1.022,31.941,32.495
B33_1,B33,1,2,67,-0.67,-1,1,2,0.901,32.24,32.704,0.965,31.503,31.98
B33_1,B33,1,1,67,0,0,0,2,0.965,31.503,31.98,1.2105,30.61975,30.6245
B33_1,B33,1,3,66.33,0.33,0.497512438,0,2,1.037,30.817,31.55,0.901,32.24,32.704
B33_1,B33,1,5,67.67,0.5,0.738879858,0,2,0.82825,27.53225,27.3475,0.41,29.919,30.18
B33_1,B33,1,4,66.67,1,1.499925004,0,2,0.41,29.919,30.18,1.037,30.817,31.55
B33_2,B33,2,1,55,-1.83,-3.327272727,1,3,0.965,31.503,31.98,1.2105,30.61975,30.6245
B33_2,B33,2,4,53.33,-0.17,-0.318769923,1,3,0.41,29.919,30.18,1.037,30.817,31.55
B33_2,B33,2,2,53.17,0,0,0,3,0.901,32.24,32.704,0.965,31.503,31.98
B33_2,B33,2,3,53.17,0.17,0.319729171,0,3,1.037,30.817,31.55,0.901,32.24,32.704
B33_2,B33,2,5,53.17,0.33,0.620650743,0,3,0.82825,27.53225,27.3475,0.41,29.919,30.18
B34_1,B34,1,4,57.17,-1,-1.749169145,1,3,0.6,29.853,30.2,1.113,30.837,31.57
B34_1,B34,1,5,56.17,-0.17,-0.302652662,1,3,1.09475,27.73925,27.90875,0.6,29.853,30.2
B34_1,B34,1,3,57,0.17,0.298245614,0,3,1.113,30.837,31.57,1.233,32.255,32.783
B34_1,B34,1,1,55.5,0.5,0.900900901,0,3,1.433,32.022,32.82,1.7495,31.70175,32.44525
B34_1,B34,1,2,56,1,1.785714286,0,3,1.233,32.255,32.783,1.433,32.022,32.82
B34_2,B34,2,4,45.33,0.17,0.375027576,0,1,0.6,29.853,30.2,1.113,30.837,31.57
B34_2,B34,2,3,45.17,0.17,0.376355988,0,1,1.113,30.837,31.57,1.233,32.255,32.783
B34_2,B34,2,2,45,0.17,0.377777778,0,1,1.233,32.255,32.783,1.433,32.022,32.82
B34_2,B34,2,5,45.5,0.5,1.098901099,0,1,1.09475,27.73925,27.90875,0.6,29.853,30.2
B34_2,B34,2,1,44,1,2.272727273,0,1,1.433,32.022,32.82,1.7495,31.70175,32.44525
B35_1,B35,1,5,67.5,-0.33,-0.488888889,1,2,0.73,27.94,28.8635,0.924,29.892,30.5
B35_1,B35,1,1,62.5,0,0,0,2,0.683,31.571,31.978,0.534,31.135,31.6745
B35_1,B35,1,2,62.5,1.33,2.128,0,2,0.626,32.005,32.318,0.683,31.571,31.978
B35_1,B35,1,3,63.83,1.67,2.616324612,0,2,0.687,30.652,31.13,0.626,32.005,32.318
B35_1,B35,1,4,65.5,2,3.053435115,0,2,0.924,29.892,30.5,0.687,30.652,31.13
B35_2,B35,2,1,48,-0.83,-1.729166667,1,2,0.683,31.571,31.978,0.534,31.135,31.6745
B35_2,B35,2,4,49,0.67,1.367346939,0,2,0.924,29.892,30.5,0.687,30.652,31.13
B35_2,B35,2,3,48.17,0.83,1.723064148,0,2,0.687,30.652,31.13,0.626,32.005,32.318
B35_2,B35,2,5,49.67,1,2.013287699,0,2,0.73,27.94,28.8635,0.924,29.892,30.5
B35_2,B35,2,2,47.17,1,2.11999152,0,2,0.626,32.005,32.318,0.683,31.571,31.978
B38_1,B38,1,1,63.5,-0.5,-0.787401575,1,2,0.683,31.571,31.978,0.534,31.135,31.6745
B38_1,B38,1,3,64.67,0.83,1.283438998,0,2,0.687,30.652,31.13,0.626,32.005,32.318
B38_1,B38,1,5,68.5,1,1.459854015,0,2,0.73,27.94,28.8635,0.924,29.892,30.5
B38_1,B38,1,2,63,1.67,2.650793651,0,2,0.626,32.005,32.318,0.683,31.571,31.978
B38_1,B38,1,4,65.5,3,4.580152672,0,2,0.924,29.892,30.5,0.687,30.652,31.13
B38_2,B38,2,5,50.67,-0.5,-0.986777186,1,3,0.73,27.94,28.8635,0.924,29.892,30.5
B38_2,B38,2,4,50.83,-0.17,-0.334448161,1,3,0.924,29.892,30.5,0.687,30.652,31.13
B38_2,B38,2,3,50.67,0.17,0.335504243,0,3,0.687,30.652,31.13,0.626,32.005,32.318
B38_2,B38,2,1,49,0.17,0.346938776,0,3,0.683,31.571,31.978,0.534,31.135,31.6745
B38_2,B38,2,2,49.17,1.5,3.050640635,0,3,0.626,32.005,32.318,0.683,31.571,31.978
B40_1,B40,1,5,74,-3.5,-4.72972973,1,2,1.0665,27.74575,27.75525,0.275,29.984,30.09
B40_1,B40,1,3,69,0.5,0.724637681,0,2,0.902,30.968,31.49,1.352,32.17,32.652
B40_1,B40,1,2,67.5,1.5,2.222222222,0,2,1.352,32.17,32.652,1.737,31.627,32.647
B40_1,B40,1,4,69.5,4.5,6.474820144,0,2,0.275,29.984,30.09,0.902,30.968,31.49
B40_1,B40,1,1,62.5,5,8,0,2,1.737,31.627,32.647,2.2755,30.81125,32.17175
B40_2,B40,2,2,56,0,0,0,1,1.352,32.17,32.652,1.737,31.627,32.647
B40_2,B40,2,4,56.17,0,0,0,1,0.275,29.984,30.09,0.902,30.968,31.49
B40_2,B40,2,3,56,0.17,0.303571429,0,1,0.902,30.968,31.49,1.352,32.17,32.652
B40_2,B40,2,1,53,3,5.660377358,0,1,1.737,31.627,32.647,2.2755,30.81125,32.17175
B46_1,B46,1,5,82,-1.67,-2.036585366,1,3,1.292,27.7905,27.786,0.313,30.187,30.37
B46_1,B46,1,1,79,-0.5,-0.632911392,1,3,2.036,31.336,32.623,2.8725,30.1485,32.035
B46_1,B46,1,3,80.33,-0.5,-0.622432466,1,3,0.833,31.023,31.42,1.986,32.292,33.159
B46_1,B46,1,2,78.5,1.83,2.331210191,0,3,1.986,32.292,33.159,2.036,31.336,32.623
B46_1,B46,1,4,79.83,2.17,2.718276337,0,3,0.313,30.187,30.37,0.833,31.023,31.42
B46_2,B46,2,5,64.17,-1.17,-1.823281907,1,3,1.292,27.7905,27.786,0.313,30.187,30.37
B46_2,B46,2,2,63.17,-0.33,-0.522399873,1,3,1.986,32.292,33.159,2.036,31.336,32.623
B46_2,B46,2,3,62.83,0.33,0.525226802,0,3,0.833,31.023,31.42,1.986,32.292,33.159
B46_2,B46,2,4,63.17,1,1.583029919,0,3,0.313,30.187,30.37,0.833,31.023,31.42
B46_2,B46,2,1,62,1.17,1.887096774,0,3,2.036,31.336,32.623,2.8725,30.1485,32.035
B48_1,B48,1,2,81,-1.83,-2.259259259,1,3,1.633,32.288,33.073,1.552,31.837,32.587
B48_1,B48,1,5,79.33,-0.33,-0.415983865,1,3,1.25625,27.6995,27.649,0.79,29.995,30.41
B48_1,B48,1,4,79.67,-0.33,-0.414208611,1,3,0.79,29.995,30.41,1.05,31.076,31.83
B48_1,B48,1,3,79.17,0.5,0.631552356,0,3,1.05,31.076,31.83,1.633,32.288,33.073
B48_1,B48,1,1,78.5,2.5,3.184713376,0,3,1.552,31.837,32.587,1.9735,31.0685,31.536
B48_2,B48,2,5,58.83,-0.83,-1.410844807,1,3,1.25625,27.6995,27.649,0.79,29.995,30.41
B48_2,B48,2,4,59.17,-0.33,-0.557715058,1,3,0.79,29.995,30.41,1.05,31.076,31.83
B48_2,B48,2,3,59.17,0,0,0,3,1.05,31.076,31.83,1.633,32.288,33.073
B48_2,B48,2,2,58.67,0.5,0.852224305,0,3,1.633,32.288,33.073,1.552,31.837,32.587
B48_2,B48,2,1,57,1.67,2.929824561,0,3,1.552,31.837,32.587,1.9735,31.0685,31.536
B49_1,B49,1,3,71.83,-1.17,-1.628845886,1,2,0.693,30.813,31.283,1.674,31.988,32.544
B49_1,B49,1,2,71,0.83,1.169014085,0,2,1.674,31.988,32.544,0.4,31.55,31.78
B49_1,B49,1,4,70.67,2,2.830055186,0,2,0.75,29.905,30.26,0.693,30.813,31.283
B49_2,B49,2,2,61,-2.33,-3.819672131,1,3,1.674,31.988,32.544,0.4,31.55,31.78
B49_2,B49,2,5,60.5,-0.5,-0.826446281,1,3,0.947714286,27.92114286,27.85857143,0.75,29.905,30.26
B49_2,B49,2,3,58.67,0.33,0.562468042,0,3,0.693,30.813,31.283,1.674,31.988,32.544
B49_2,B49,2,4,59,1.5,2.542372881,0,3,0.75,29.905,30.26,0.693,30.813,31.283
B49_2,B49,2,1,57,4,7.01754386,0,3,0.4,31.55,31.78,1.222692308,31.11042857,30.93071429
B54_1,B54,1,2,66.5,-0.17,-0.255639098,1,3,1.485,32.076,32.685,2.637,31.892,33.083
B54_1,B54,1,4,68.33,-0.17,-0.248792624,1,3,0.272,30.13,30.285,0.844,30.888,31.488
B54_1,B54,1,5,68.17,0.83,1.217544374,0,3,1.3095,28.4505,28.48125,0.272,30.13,30.285
B54_1,B54,1,3,66.33,2,3.015226896,0,3,0.844,30.888,31.488,1.485,32.076,32.685
B54_1,B54,1,1,60,6.5,10.83333333,0,3,2.637,31.892,33.083,3.2435,31.6875,33.27675
B54_2,B54,2,1,54,-1.17,-2.166666667,1,3,2.637,31.892,33.083,3.2435,31.6875,33.27675
B54_2,B54,2,5,54.33,-0.33,-0.607399227,1,3,1.3095,28.4505,28.48125,0.272,30.13,30.285
B54_2,B54,2,2,52.83,0,0,0,3,1.485,32.076,32.685,2.637,31.892,33.083
B54_2,B54,2,4,53.67,0.67,1.248369666,0,3,0.272,30.13,30.285,0.844,30.888,31.488
B54_2,B54,2,3,52.83,0.83,1.57107704,0,3,0.844,30.888,31.488,1.485,32.076,32.685
B58_1,B58,1,4,80.33,0.17,0.211627038,0,1,0.79,29.825,30.41,0.946,30.721,31.403
B58_1,B58,1,5,80.5,0.33,0.409937888,0,1,1.07075,27.59475,28.2965,0.79,29.825,30.41
B58_1,B58,1,3,80,0.33,0.4125,0,1,0.946,30.721,31.403,1.1,32.058,32.573
B58_1,B58,1,1,78.5,0.5,0.636942675,0,1,1.447,31.469,32.19,1.602,30.72925,31.5515
B58_1,B58,1,2,79,1,1.265822785,0,1,1.1,32.058,32.573,1.447,31.469,32.19
B58_2,B58,2,4,59.83,-0.17,-0.284138392,1,2,0.79,29.825,30.41,0.946,30.721,31.403
B58_2,B58,2,1,59,0,0,0,2,1.447,31.469,32.19,1.602,30.72925,31.5515
B58_2,B58,2,3,59.83,0,0,0,2,0.946,30.721,31.403,1.1,32.058,32.573
B58_2,B58,2,5,59.67,0.5,0.837942014,0,2,1.07075,27.59475,28.2965,0.79,29.825,30.41
B58_2,B58,2,2,59,0.83,1.406779661,0,2,1.1,32.058,32.573,1.447,31.469,32.19
B59_1,B59,1,5,51.5,-0.5,-0.970873786,1,3,1.088857143,27.70857143,27.94614286,0.68,29.877,30.24
B59_1,B59,1,1,50,-0.17,-0.34,1,3,1.123,31.753,32.393,1.149692308,31.12785714,31.33971429
B59_1,B59,1,3,51.17,0,0,0,3,1.433,30.952,31.96,0.915,31.987,32.405
B59_1,B59,1,4,51.17,0.33,0.644909126,0,3,0.68,29.877,30.24,1.433,30.952,31.96
B59_1,B59,1,2,49.83,1.33,2.669074855,0,3,0.915,31.987,32.405,1.123,31.753,32.393
B59_2,B59,2,2,38.5,-0.33,-0.857142857,1,2,0.915,31.987,32.405,1.123,31.753,32.393
B59_2,B59,2,3,38.17,0,0,0,2,1.433,30.952,31.96,0.915,31.987,32.405
B59_2,B59,2,1,37.5,1,2.666666667,0,2,1.123,31.753,32.393,1.149692308,31.12785714,31.33971429
B60_1,B60,1,4,59.67,-0.67,-1.122842299,1,3,0.389,29.878,30.102,0.855,31.005,31.635
B60_1,B60,1,1,55.5,-0.5,-0.900900901,1,3,1.053,31.683,32.337,1.3825,30.783,31.308
B60_1,B60,1,5,59,1,1.694915254,0,3,0.83625,27.474,27.451,0.389,29.878,30.102
B60_1,B60,1,3,58.33,1.33,2.280130293,0,3,0.855,31.005,31.635,1.048,32.208,32.644
B60_1,B60,1,2,55,3.33,6.054545455,0,3,1.048,32.208,32.644,1.053,31.683,32.337
B60_2,B60,2,2,49,-0.33,-0.673469388,1,3,1.048,32.208,32.644,1.053,31.683,32.337
B60_2,B60,2,5,49.83,-0.17,-0.341159944,1,3,0.83625,27.474,27.451,0.389,29.878,30.102
B60_2,B60,2,1,49,0,0,0,3,1.053,31.683,32.337,1.3825,30.783,31.308
B60_2,B60,2,3,48.67,0.17,0.349291144,0,3,0.855,31.005,31.635,1.048,32.208,32.644
B60_2,B60,2,4,48.83,1,2.04792136,0,3,0.389,29.878,30.102,0.855,31.005,31.635
B61_1,B61,1,2,58.5,3,5.128205128,0,1,1.108,32.271,32.828,1.71,31.792,32.77
B61_1,B61,1,1,55.5,3,5.405405405,0,1,1.71,31.792,32.77,1.964682927,30.8104,32.088
B61_2,B61,2,2,37.5,-0.17,-0.453333333,1,2,1.108,32.271,32.828,1.71,31.792,32.77
B61_2,B61,2,4,38.67,1,2.585983967,0,2,0.64,29.974,30.28,0.938,30.937,31.668
B61_2,B61,2,3,37.33,1.33,3.562818109,0,2,0.938,30.937,31.668,1.108,32.271,32.828
B61_2,B61,2,1,36,1.5,4.166666667,0,2,1.71,31.792,32.77,1.964682927,30.8104,32.088
B61_2,B61,2,5,39.67,2.33,5.873456012,0,2,1.202333333,27.4164,27.773,0.64,29.974,30.28
B62_1,B62,1,1,80,-2.5,-3.125,1,3,2.513,31.606,33.03,2.6145,30.48925,33.02
B62_1,B62,1,3,78.33,-0.17,-0.217030512,1,3,1.013,31.18,31.757,1,32.204,32.518
B62_1,B62,1,5,78.33,0.17,0.217030512,0,3,1.33075,27.57575,28.669,0.797,30.005,30.383
B62_1,B62,1,4,78.17,0.17,0.217474735,0,3,0.797,30.005,30.383,1.013,31.18,31.757
B62_1,B62,1,2,77.5,0.83,1.070967742,0,3,1,32.204,32.518,2.513,31.606,33.03
B62_2,B62,2,1,63,-1.67,-2.650793651,1,2,2.513,31.606,33.03,2.6145,30.48925,33.02
B62_2,B62,2,2,61.33,0,0,0,2,1,32.204,32.518,2.513,31.606,33.03
B62_2,B62,2,4,61.5,0.17,0.276422764,0,2,0.797,30.005,30.383,1.013,31.18,31.757
B62_2,B62,2,3,61.33,0.17,0.277188978,0,2,1.013,31.18,31.757,1,32.204,32.518
B64_1,B64,1,5,73.33,-0.33,-0.450020455,1,2,1.69175,28.1245,28.71725,0.72,30.171,30.425
B64_1,B64,1,2,71,0,0,0,2,1.209,32.071,32.753,3.526,31.968,33.658
B64_1,B64,1,3,71,1,1.408450704,0,2,1.312,31.53,32.055,1.209,32.071,32.753
B64_1,B64,1,1,70,1,1.428571429,0,2,3.526,31.968,33.658,3.7705,31.0905,33.91575
B64_1,B64,1,4,72,1.33,1.847222222,0,2,0.72,30.171,30.425,1.312,31.53,32.055
B64_2,B64,2,1,58,-0.67,-1.155172414,1,3,3.526,31.968,33.658,3.7705,31.0905,33.91575
B64_2,B64,2,3,58.33,-0.5,-0.85719184,1,3,1.312,31.53,32.055,1.209,32.071,32.753
B64_2,B64,2,5,58.67,0,0,0,3,1.69175,28.1245,28.71725,0.72,30.171,30.425
B64_2,B64,2,4,57.83,0.83,1.435241224,0,3,0.72,30.171,30.425,1.312,31.53,32.055
B64_2,B64,2,2,57.33,1,1.744287459,0,3,1.209,32.071,32.753,3.526,31.968,33.658
B68_1,B68,1,2,82.5,0,0,0,1,0.85,32.061,32.45,0.655,31.544,32.007
B68_1,B68,1,5,83.5,0,0,0,1,0.725805143,27.71625,27.97025,0.73,29.874,30.2
B68_1,B68,1,4,83,0.5,0.602409639,0,1,0.73,29.874,30.2,0.627,30.776,31.23
B68_1,B68,1,3,82.5,0.5,0.606060606,0,1,0.627,30.776,31.23,0.85,32.061,32.45
B68_1,B68,1,1,82,0.5,0.609756098,0,1,0.655,31.544,32.007,0.715,30.86375,31.29075
B68_2,B68,2,2,65.5,-1.67,-2.549618321,1,2,0.85,32.061,32.45,0.655,31.544,32.007
B68_2,B68,2,1,65.5,0,0,0,2,0.655,31.544,32.007,0.715,30.86375,31.29075
B68_2,B68,2,4,65.17,0.17,0.260856222,0,2,0.73,29.874,30.2,0.627,30.776,31.23
B68_2,B68,2,5,65.33,0.33,0.505127813,0,2,0.725805143,27.71625,27.97025,0.73,29.874,30.2
B68_2,B68,2,3,63.83,1.33,2.083659721,0,2,0.627,30.776,31.23,0.85,32.061,32.45
B69_1,B69,1,5,62.33,-0.33,-0.529440077,1,2,0.8335,27.769,28.3,0.747,29.866,30.26
B69_1,B69,1,3,61,0.17,0.278688525,0,2,0.537,30.816,31.11,1.113,32.035,32.53
B69_1,B69,1,2,60,1,1.666666667,0,2,1.113,32.035,32.53,0.937,31.635,32.28
B69_1,B69,1,1,59,1,1.694915254,0,2,0.937,31.635,32.28,1.12,31.032,32.04
B69_1,B69,1,4,61.17,1.17,1.912702305,0,2,0.747,29.866,30.26,0.537,30.816,31.11
B69_2,B69,2,1,47.5,-0.33,-0.694736842,1,3,0.937,31.635,32.28,1.12,31.032,32.04
B69_2,B69,2,4,48,-0.33,-0.6875,1,3,0.747,29.866,30.26,0.537,30.816,31.11
B69_2,B69,2,3,48,0,0,0,3,0.537,30.816,31.11,1.113,32.035,32.53
B69_2,B69,2,5,47.67,0.17,0.356618418,0,3,0.8335,27.769,28.3,0.747,29.866,30.26
B69_2,B69,2,2,47.17,0.83,1.759592962,0,3,1.113,32.035,32.53,0.937,31.635,32.28
B71_1,B71,1,1,68.5,-1,-1.459854015,1,2,2.308,31.686,33.008,2.726,31.05725,33.18375
B71_1,B71,1,3,68.5,0,0,0,2,0.745,30.95,31.335,1.129,32.124,32.774
B71_1,B71,1,4,68.5,0,0,0,2,0.293,30.059,30.22,0.745,30.95,31.335
B71_1,B71,1,2,67.5,1,1.481481481,0,2,1.129,32.124,32.774,2.308,31.686,33.008
B71_1,B71,1,5,68.5,1.67,2.437956204,0,2,1.11875,28.02975,28.28225,0.293,30.059,30.22
B71_2,B71,2,5,52.17,-0.17,-0.325857773,1,2,1.11875,28.02975,28.28225,0.293,30.059,30.22
B71_2,B71,2,4,51.83,0.33,0.636696894,0,2,0.293,30.059,30.22,0.745,30.95,31.335
B71_2,B71,2,3,51.5,0.33,0.640776699,0,2,0.745,30.95,31.335,1.129,32.124,32.774
B71_2,B71,2,2,51,0.5,0.980392157,0,2,1.129,32.124,32.774,2.308,31.686,33.008
B71_2,B71,2,1,50,1,2,0,2,2.308,31.686,33.008,2.726,31.05725,33.18375
B78_1,B78,1,2,46,0.17,0.369565217,0,1,1.579,31.994,32.952,1.263,31.76,32.32
B78_1,B78,1,1,45.5,0.5,1.098901099,0,1,1.263,31.76,32.32,1.706,31.27175,30.632
B78_1,B78,1,5,51.33,2,3.896356906,0,1,1.248,28.12625,27.189,0.693,30.008,30.313
B78_1,B78,1,3,46.17,2.5,5.414771497,0,1,1.457,30.959,32.087,1.579,31.994,32.952
B78_1,B78,1,4,48.67,2.67,5.485925622,0,1,0.693,30.008,30.313,1.457,30.959,32.087
B78_2,B78,2,5,41,0,0,0,1,1.248,28.12625,27.189,0.693,30.008,30.313
B78_2,B78,2,2,36.33,0.5,1.376273053,0,1,1.579,31.994,32.952,1.263,31.76,32.32
B78_2,B78,2,1,35,1.33,3.8,0,1,1.263,31.76,32.32,1.706,31.27175,30.632
B78_2,B78,2,3,36.83,1.83,4.968775455,0,1,1.457,30.959,32.087,1.579,31.994,32.952
B78_2,B78,2,4,38.67,2.33,6.025342643,0,1,0.693,30.008,30.313,1.457,30.959,32.087
B79_1,B79,1,3,73.5,0.17,0.231292517,0,1,1.385,30.798,31.8,1.39,31.852,32.45
B79_1,B79,1,2,73,0.5,0.684931507,0,1,1.39,31.852,32.45,0.604,31.511,31.684
B79_1,B79,1,5,75.17,0.83,1.104163895,0,1,0.97475,27.9025,27.2105,0.52,29.859,30.16
B79_1,B79,1,4,73.67,1.5,2.036106963,0,1,0.52,29.859,30.16,1.385,30.798,31.8
B79_1,B79,1,1,71.5,1.5,2.097902098,0,1,0.604,31.511,31.684,1.039,30.9075,29.8215
B79_2,B79,2,2,60.5,0,0,0,1,1.39,31.852,32.45,0.604,31.511,31.684
B79_2,B79,2,4,61.17,0,0,0,1,0.52,29.859,30.16,1.385,30.798,31.8
B79_2,B79,2,5,61.17,0,0,0,1,0.97475,27.9025,27.2105,0.52,29.859,30.16
B79_2,B79,2,3,60.5,0.67,1.107438017,0,1,1.385,30.798,31.8,1.39,31.852,32.45
B79_2,B79,2,1,59,1.5,2.542372881,0,1,0.604,31.511,31.684,1.039,30.9075,29.8215
B80_1,B80,1,4,64.67,0,0,0,1,1.043,29.778,30.598,1.015,30.78,31.47
B80_1,B80,1,5,64.67,0.33,0.510282975,0,1,1.12775,27.47375,28.75775,1.043,29.778,30.598
B80_1,B80,1,3,64.33,0.33,0.512979947,0,1,1.015,30.78,31.47,0.9,32.087,32.6
B80_1,B80,1,1,63,0.5,0.793650794,0,1,1.553,31.556,32.353,1.4815,30.79425,31.95525
B80_1,B80,1,2,63.5,0.83,1.307086614,0,1,0.9,32.087,32.6,1.553,31.556,32.353
B80_2,B80,2,2,51.5,-1,-1.941747573,1,3,0.9,32.087,32.6,1.553,31.556,32.353
B80_2,B80,2,5,51.17,-0.17,-0.332225914,1,3,1.12775,27.47375,28.75775,1.043,29.778,30.598
B80_2,B80,2,4,51.17,0,0,0,3,1.043,29.778,30.598,1.015,30.78,31.47
B80_2,B80,2,3,50.5,0.67,1.326732673,0,3,1.015,30.78,31.47,0.9,32.087,32.6
B80_2,B80,2,1,49.5,2,4.04040404,0,3,1.553,31.556,32.353,1.4815,30.79425,31.95525
B83_1,B83,1,5,76.83,0.5,0.650787453,0,1,2.05725,27.98725,29.74,1.59,29.848,31.1
B83_1,B83,1,4,76.17,0.67,0.879611396,0,1,1.59,29.848,31.1,3.132,30.61,31.615
B83_1,B83,1,3,75.33,0.83,1.101818665,0,1,3.132,30.61,31.615,1.417,31.927,32.887
B83_1,B83,1,2,74.5,0.83,1.11409396,0,1,1.417,31.927,32.887,2.09,31.594,32.78
B83_1,B83,1,1,73,1.5,2.054794521,0,1,2.09,31.594,32.78,2.0035,31.26475,32.896
B83_2,B83,2,1,60.5,-0.5,-0.826446281,1,3,2.09,31.594,32.78,2.0035,31.26475,32.896
B83_2,B83,2,3,60.83,-0.5,-0.821962847,1,3,3.132,30.61,31.615,1.417,31.927,32.887
B83_2,B83,2,5,61.17,0,0,0,3,2.05725,27.98725,29.74,1.59,29.848,31.1
B83_2,B83,2,4,60.33,0.83,1.375766617,0,3,1.59,29.848,31.1,3.132,30.61,31.615
B83_2,B83,2,2,60,0.83,1.383333333,0,3,1.417,31.927,32.887,2.09,31.594,32.78
LY103_1,LY103,1,1,71,-0.5,-0.704225352,1,3,1.121,31.646,32.148,1.371,31.1535,30.677
LY103_1,LY103,1,2,70.5,-0.33,-0.468085106,1,3,1.04,31.98,32.583,1.121,31.646,32.148
LY103_1,LY103,1,5,70.83,-0.33,-0.465904278,1,3,1.04525,28.0845,27.411,0.54,29.98,30.2
LY103_1,LY103,1,4,70.83,0,0,0,3,0.54,29.98,30.2,1.48,30.84,31.895
LY103_1,LY103,1,3,70.17,0.67,0.954823999,0,3,1.48,30.84,31.895,1.04,31.98,32.583
LY103_2,LY103,2,5,49.83,-0.67,-1.344571543,1,2,1.04525,28.0845,27.411,0.54,29.98,30.2
LY103_2,LY103,2,4,49.5,0.33,0.666666667,0,2,0.54,29.98,30.2,1.48,30.84,31.895
LY103_2,LY103,2,3,49.17,0.33,0.67114094,0,2,1.48,30.84,31.895,1.04,31.98,32.583
LY103_2,LY103,2,2,48.5,0.67,1.381443299,0,2,1.04,31.98,32.583,1.121,31.646,32.148
LY103_2,LY103,2,1,42,6.5,15.47619048,0,2,1.121,31.646,32.148,1.371,31.1535,30.677
LY106_1,LY106,1,5,67.83,-0.33,-0.486510394,1,2,1.11575,28.33225,27.452,0.567,29.998,30.28
LY106_1,LY106,1,4,67.83,0,0,0,2,0.567,29.998,30.28,1.387,30.883,31.947
LY106_1,LY106,1,3,67.67,0.17,0.251219152,0,2,1.387,30.883,31.947,1.347,31.831,32.687
LY106_1,LY106,1,1,65,1,1.538461538,0,2,1.162,31.717,32.188,1.552,31.38475,30.684
LY106_1,LY106,1,2,66,1.67,2.53030303,0,2,1.347,31.831,32.687,1.162,31.717,32.188
LY106_2,LY106,2,5,54.17,-0.17,-0.313826841,1,2,1.11575,28.33225,27.452,0.567,29.998,30.28
LY106_2,LY106,2,4,53.83,0.33,0.613041055,0,2,0.567,29.998,30.28,1.387,30.883,31.947
LY106_2,LY106,2,2,52.5,0.33,0.628571429,0,2,1.347,31.831,32.687,1.162,31.717,32.188
LY106_2,LY106,2,1,52,0.5,0.961538462,0,2,1.162,31.717,32.188,1.552,31.38475,30.684
LY106_2,LY106,2,3,52.83,1,1.892863903,0,2,1.387,30.883,31.947,1.347,31.831,32.687
LY249_1,LY249,1,4,65.17,-0.17,-0.260856222,1,3,0.625,29.997,30.37,1.277,31.041,31.933
LY249_1,LY249,1,3,65.33,-0.17,-0.260217358,1,3,1.277,31.041,31.933,1.164,32.207,32.78
LY249_1,LY249,1,5,65,0.17,0.261538462,0,3,1.2505,27.75275,27.8945,0.625,29.997,30.37
LY249_1,LY249,1,2,65,0.33,0.507692308,0,3,1.164,32.207,32.78,1.936,31.732,32.649
LY249_1,LY249,1,1,64,1,1.5625,0,3,1.936,31.732,32.649,2.2055,30.93825,31.7365
LY249_2,LY249,2,3,62.5,0,0,0,1,1.277,31.041,31.933,1.164,32.207,32.78
LY249_2,LY249,2,4,62.5,0,0,0,1,0.625,29.997,30.37,1.277,31.041,31.933
LY249_2,LY249,2,2,62,0.5,0.806451613,0,1,1.164,32.207,32.78,1.936,31.732,32.649
LY249_2,LY249,2,5,62.5,1,1.6,0,1,1.2505,27.75275,27.8945,0.625,29.997,30.37
LY249_2,LY249,2,1,60.5,1.5,2.479338843,0,1,1.936,31.732,32.649,2.2055,30.93825,31.7365
LY252_2,LY252,2,4,62.17,0.17,0.273443783,0,1,0.52,29.851,30.16,0.743,30.734,31.243
LY252_2,LY252,2,5,62.33,0.5,0.802181935,0,1,0,27.46025,27.489,0.52,29.851,30.16
LY252_2,LY252,2,3,61.67,0.5,0.810766986,0,1,0.743,30.734,31.243,0.847,32.102,32.403
LY252_2,LY252,2,1,58,1,1.724137931,0,1,0.243,31.298,31.42,0.4065,30.31475,29.959
LY252_2,LY252,2,2,59,2.67,4.525423729,0,1,0.847,32.102,32.403,0.243,31.298,31.42
LY253_1,LY253,1,4,75.33,0.17,0.225673702,0,1,0.47,29.804,30.09,0.865,30.721,31.335
LY253_1,LY253,1,2,74.67,0.17,0.227668408,0,1,0.86,32.064,32.417,0.973,31.429,32.13
LY253_1,LY253,1,5,75.5,0.5,0.662251656,0,1,0,27.51,27.7775,0.47,29.804,30.09
LY253_1,LY253,1,3,74.83,0.5,0.668181211,0,1,0.865,30.721,31.335,0.86,32.064,32.417
LY253_1,LY253,1,1,73,1.67,2.287671233,0,1,0.973,31.429,32.13,1.168,30.619,31.3785
LY272_1,LY272,1,4,77.33,-1.17,-1.51299625,1,3,0.412,29.951,30.227,1.207,30.888,31.72
LY272_1,LY272,1,3,77.83,-0.5,-0.6424258,1,3,1.207,30.888,31.72,1.154,32.23,32.868
LY272_1,LY272,1,2,78,-0.17,-0.217948718,1,3,1.154,32.23,32.868,1.815,31.722,32.668
LY272_1,LY272,1,5,76.17,0,0,0,3,1.147,27.72775,27.63675,0.412,29.951,30.227
LY272_1,LY272,1,1,75,3,4,0,3,1.815,31.722,32.668,2.186,31.05525,31.87225
LY272_2,LY272,2,1,63,-4,-6.349206349,1,3,1.815,31.722,32.668,2.186,31.05525,31.87225
LY272_2,LY272,2,4,59.83,-1,-1.671402307,1,3,0.412,29.951,30.227,1.207,30.888,31.72
LY272_2,LY272,2,2,59,-0.33,-0.559322034,1,3,1.154,32.23,32.868,1.815,31.722,32.668
LY272_2,LY272,2,5,58.83,1.17,1.988781234,0,3,1.147,27.72775,27.63675,0.412,29.951,30.227
LY272_2,LY272,2,3,58.67,1.17,1.994204875,0,3,1.207,30.888,31.72,1.154,32.23,32.868
LY274B14_1,LY274B14,1,4,72.67,0,0,0,1,0.51,29.817,30.11,0.826,30.711,31.313
LY274B14_1,LY274B14,1,3,72.33,0.33,0.456242223,0,1,0.826,30.711,31.313,1.194,32.014,32.634
LY274B14_1,LY274B14,1,2,71.83,0.5,0.696087986,0,1,1.194,32.014,32.634,1.091,31.498,32.266
LY274B14_1,LY274B14,1,1,70.5,1.33,1.886524823,0,1,1.091,31.498,32.266,1.433,30.834,31.56425
LY274B14_2,LY274B14,2,1,54.5,-0.33,-0.605504587,1,2,1.091,31.498,32.266,1.433,30.834,31.56425
LY274B14_2,LY274B14,2,5,55.83,0.17,0.304495791,0,2,0.90525,27.661,27.66975,0.51,29.817,30.11
LY274B14_2,LY274B14,2,3,55.17,0.17,0.308138481,0,2,0.826,30.711,31.313,1.194,32.014,32.634
LY274B14_2,LY274B14,2,4,55.33,0.5,0.903668896,0,2,0.51,29.817,30.11,0.826,30.711,31.313
LY274B14_2,LY274B14,2,2,54.17,1,1.846040244,0,2,1.194,32.014,32.634,1.091,31.498,32.266
LY344_1,LY344,1,3,70.67,0,0,0,1,1.4,30.932,31.57,0.625,31.822,32.165
LY344_1,LY344,1,4,70.67,0,0,0,1,0.727,30.079,30.457,1.4,30.932,31.57
LY344_1,LY344,1,2,70.33,0.33,0.469216551,0,1,0.625,31.822,32.165,2.206,31.827,32.992
LY344_1,LY344,1,5,70.67,0.67,0.948068487,0,1,1.2395,28.5715,29.3885,0.727,30.079,30.457
LY344_1,LY344,1,1,69.5,0.83,1.194244604,0,1,2.206,31.827,32.992,2.155,31.6385,33.4885
LY344_2,LY344,2,1,57.5,-0.83,-1.443478261,1,3,2.206,31.827,32.992,2.155,31.6385,33.4885
LY344_2,LY344,2,5,58.33,-0.5,-0.85719184,1,3,1.2395,28.5715,29.3885,0.727,30.079,30.457
LY344_2,LY344,2,4,57.83,0.5,0.864603147,0,3,0.727,30.079,30.457,1.4,30.932,31.57
LY344_2,LY344,2,2,56.67,0.5,0.882301041,0,3,0.625,31.822,32.165,2.206,31.827,32.992
LY344_2,LY344,2,3,57.17,0.67,1.171943327,0,3,1.4,30.932,31.57,0.625,31.822,32.165
LY347_1,LY347,1,2,77.83,0,0,0,1,1.416,31.93,32.516,1.123,31.657,32.478
LY347_1,LY347,1,5,79.5,0.5,0.628930818,0,1,1.01475,28.03975,28.3085,0.77,29.933,30.28
LY347_1,LY347,1,4,78.67,0.83,1.055040041,0,1,0.77,29.933,30.28,0.75,30.853,31.38
LY347_1,LY347,1,3,77.83,0.83,1.066426828,0,1,0.75,30.853,31.38,1.416,31.93,32.516
LY347_1,LY347,1,1,77,0.83,1.077922078,0,1,1.123,31.657,32.478,1.446,31.16425,32.1735
LY347_2,LY347,2,1,56.5,-0.5,-0.884955752,1,2,1.123,31.657,32.478,1.446,31.16425,32.1735
LY347_2,LY347,2,2,56,0,0,0,2,1.416,31.93,32.516,1.123,31.657,32.478
LY347_2,LY347,2,4,56.33,0.17,0.301793006,0,2,0.77,29.933,30.28,0.75,30.853,31.38
LY347_2,LY347,2,5,56.5,0.33,0.584070796,0,2,1.01475,28.03975,28.3085,0.77,29.933,30.28
LY347_2,LY347,2,3,56,0.33,0.589285714,0,2,0.75,30.853,31.38,1.416,31.93,32.516
LY353B002_1,LY353B002,1,5,76.33,-0.67,-0.877767588,1,3,1.17975,27.531,28.709,0.952,29.842,30.543
LY353B002_1,LY353B002,1,3,75.67,-0.5,-0.660763843,1,3,0.967,30.831,31.457,0.933,32.076,32.678
LY353B002_1,LY353B002,1,2,75,0.67,0.893333333,0,3,0.933,32.076,32.678,1.867,31.473,32.57
LY353B002_1,LY353B002,1,4,75.17,1.17,1.556471997,0,3,0.952,29.842,30.543,0.967,30.831,31.457
LY353B002_1,LY353B002,1,1,71.5,3.5,4.895104895,0,3,1.867,31.473,32.57,1.8575,30.6,32.36
LY353B002_2,LY353B002,2,5,59.83,-0.33,-0.551562761,1,2,1.17975,27.531,28.709,0.952,29.842,30.543
LY353B002_2,LY353B002,2,1,57.5,0,0,0,2,1.867,31.473,32.57,1.8575,30.6,32.36
LY353B002_2,LY353B002,2,3,58.33,0.17,0.291445225,0,2,0.967,30.831,31.457,0.933,32.076,32.678
LY353B002_2,LY353B002,2,2,57.5,0.83,1.443478261,0,2,0.933,32.076,32.678,1.867,31.473,32.57
LY353B002_2,LY353B002,2,4,58.5,1.33,2.273504274,0,2,0.952,29.842,30.543,0.967,30.831,31.457
LY355B012_1,LY355B012,1,2,68.5,-0.17,-0.248175182,1,2,0.907,32.119,32.45,2.027,31.535,32.697
LY355B012_1,LY355B012,1,1,68.5,0,0,0,2,2.027,31.535,32.697,2.138230769,30.59785714,32.61371429
LY355B012_1,LY355B012,1,4,69,0.17,0.246376812,0,2,0.783,29.919,30.508,1.054,30.907,31.587
LY355B012_1,LY355B012,1,5,69.17,0.33,0.477085442,0,2,1.251285714,27.42357143,28.87014286,0.783,29.919,30.508
LY355B012_1,LY355B012,1,3,68.33,0.67,0.980535636,0,2,1.054,30.907,31.587,0.907,32.119,32.45
LY355B012_2,LY355B012,2,2,56,-0.17,-0.303571429,1,2,0.907,32.119,32.45,2.027,31.535,32.697
LY355B012_2,LY355B012,2,1,56,0,0,0,2,2.027,31.535,32.697,2.138230769,30.59785714,32.61371429
LY355B012_2,LY355B012,2,3,55.83,1.17,2.095647501,0,2,1.054,30.907,31.587,0.907,32.119,32.45
LY357_1,LY357,1,1,73,-1.5,-2.054794521,1,2,2.59,31.479,32.77,2.4635,30.64225,32.94025
LY357_1,LY357,1,5,74.33,0.17,0.228709808,0,2,1.29325,27.91775,29.05375,0.883,29.919,30.37
LY357_1,LY357,1,4,73.83,0.5,0.677231478,0,2,0.883,29.919,30.37,1.07,31.024,31.57
LY357_1,LY357,1,2,71.5,0.83,1.160839161,0,2,0.63,31.793,32.143,2.59,31.479,32.77
LY357_1,LY357,1,3,72.33,1.5,2.073828287,0,2,1.07,31.024,31.57,0.63,31.793,32.143
LY357_2,LY357,2,5,61.33,-0.33,-0.538072721,1,2,1.29325,27.91775,29.05375,0.883,29.919,30.37
LY357_2,LY357,2,1,58.5,0,0,0,2,2.59,31.479,32.77,2.4635,30.64225,32.94025
LY357_2,LY357,2,4,61,0.33,0.540983607,0,2,0.883,29.919,30.37,1.07,31.024,31.57
LY357_2,LY357,2,3,60.67,0.33,0.543926158,0,2,1.07,31.024,31.57,0.63,31.793,32.143
LY357_2,LY357,2,2,58.5,2.17,3.709401709,0,2,0.63,31.793,32.143,2.59,31.479,32.77
LY363_1,LY363,1,4,64.33,-0.5,-0.777242344,1,2,0.84,29.926,30.545,1.043,30.862,31.53
LY363_1,LY363,1,5,63.83,0.17,0.266332446,0,2,1.184,27.6515,28.819,0.84,29.926,30.545
LY363_1,LY363,1,2,63,0.33,0.523809524,0,2,0.963,32.114,32.56,1.89,31.476,32.587
LY363_1,LY363,1,3,63.33,1,1.579030475,0,2,1.043,30.862,31.53,0.963,32.114,32.56
LY363_1,LY363,1,1,61.5,1.5,2.43902439,0,2,1.89,31.476,32.587,1.9515,30.6025,32.397
LY363_2,LY363,2,5,50.33,-0.33,-0.655672561,1,3,1.184,27.6515,28.819,0.84,29.926,30.545
LY363_2,LY363,2,3,50.33,-0.17,-0.337770713,1,3,1.043,30.862,31.53,0.963,32.114,32.56
LY363_2,LY363,2,2,50.5,-0.17,-0.336633663,1,3,0.963,32.114,32.56,1.89,31.476,32.587
LY363_2,LY363,2,4,50.17,0.17,0.338847917,0,3,0.84,29.926,30.545,1.043,30.862,31.53
LY363_2,LY363,2,1,48.5,2,4.12371134,0,3,1.89,31.476,32.587,1.9515,30.6025,32.397
LY372_1,LY372,1,4,67,-0.33,-0.492537313,1,2,0.52,29.946,30.26,1.05,30.868,31.66
LY372_1,LY372,1,2,67,0,0,0,2,0.645,32.271,32.58,1.63,31.77,32.73
LY372_1,LY372,1,3,67,0,0,0,2,1.05,30.868,31.66,0.645,32.271,32.58
LY372_1,LY372,1,5,66.67,0.33,0.494975251,0,2,1.024285714,27.46071429,28.13142857,0.52,29.946,30.26
LY372_1,LY372,1,1,64,3,4.6875,0,2,1.63,31.77,32.73,1.691538462,31.06857143,32.31714286
LY372_2,LY372,2,1,50,0,0,0,1,1.63,31.77,32.73,1.691538462,31.06857143,32.31714286
LY372_2,LY372,2,2,50,0,0,0,1,0.645,32.271,32.58,1.63,31.77,32.73
LY372_2,LY372,2,3,50,1.17,2.34,0,1,1.05,30.868,31.66,0.645,32.271,32.58
LY386_1,LY386,1,2,76.5,-0.5,-0.653594771,1,2,1.04,32.269,32.74,1.605,31.825,32.665
LY386_1,LY386,1,3,76,0.17,0.223684211,0,2,1.003,30.905,31.66,1.04,32.269,32.74
LY386_1,LY386,1,1,76,0.5,0.657894737,0,2,1.605,31.825,32.665,1.818,29.573,31.435
LY386_2,LY386,2,1,54.5,0.5,0.917431193,0,1,1.605,31.825,32.665,1.818,29.573,31.435
LY386_2,LY386,2,3,59.17,2.33,3.937806321,0,1,1.003,30.905,31.66,1.04,32.269,32.74
LY386_2,LY386,2,2,55,4.17,7.581818182,0,1,1.04,32.269,32.74,1.605,31.825,32.665
LY394_1,LY394,1,2,77.67,-0.17,-0.218874726,1,2,1.075,32.153,32.69,1.409,31.462,32.242
LY394_1,LY394,1,3,77.5,0.17,0.219354839,0,2,0.97,30.788,31.43,1.075,32.153,32.69
LY394_1,LY394,1,1,77,0.67,0.87012987,0,2,1.409,31.462,32.242,1.4115,30.602,31.69925
LY394_1,LY394,1,5,79,1,1.265822785,0,2,1.131,27.551,28.62575,1.07,29.883,30.613
LY394_1,LY394,1,4,77.67,1.33,1.71237286,0,2,1.07,29.883,30.613,0.97,30.788,31.43
LY394_2,LY394,2,1,51,-0.5,-0.980392157,1,2,1.409,31.462,32.242,1.4115,30.602,31.69925
LY394_2,LY394,2,3,53.67,0,0,0,2,0.97,30.788,31.43,1.075,32.153,32.69
LY394_2,LY394,2,5,54.5,0.83,1.52293578,0,2,1.131,27.551,28.62575,1.07,29.883,30.613
LY394_2,LY394,2,4,53.67,0.83,1.546487796,0,2,1.07,29.883,30.613,0.97,30.788,31.43
LY394_2,LY394,2,2,50.5,3.17,6.277227723,0,2,1.075,32.153,32.69,1.409,31.462,32.242
LY399_1,LY399,1,1,80,-1.83,-2.2875,1,3,0.879,31.534,32.042,0.8225,30.76275,31.32175
LY399_1,LY399,1,5,80.33,-0.5,-0.622432466,1,3,0.8805,27.45325,28.31725,0.933,29.796,30.443
LY399_1,LY399,1,3,80,0,0,0,3,0.89,30.741,31.348,0.82,32.146,32.56
LY399_1,LY399,1,4,80,0.33,0.4125,0,3,0.933,29.796,30.443,0.89,30.741,31.348
LY399_1,LY399,1,2,78.17,1.83,2.341051554,0,3,0.82,32.146,32.56,0.879,31.534,32.042
LY399_2,LY399,2,1,61,-1,-1.639344262,1,2,0.879,31.534,32.042,0.8225,30.76275,31.32175
LY399_2,LY399,2,3,61.33,0,0,0,2,0.89,30.741,31.348,0.82,32.146,32.56
LY399_2,LY399,2,4,61.33,0,0,0,2,0.933,29.796,30.443,0.89,30.741,31.348
LY399_2,LY399,2,5,61.33,0.17,0.277188978,0,2,0.8805,27.45325,28.31725,0.933,29.796,30.443
LY399_2,LY399,2,2,60,1.33,2.216666667,0,2,0.82,32.146,32.56,0.879,31.534,32.042
LY479_1,LY479,1,4,71,-0.5,-0.704225352,1,3,0.86,30.009,30.46,0.67,31.071,31.47
LY479_1,LY479,1,5,70.5,-0.33,-0.468085106,1,3,1.19,28.02785714,27.97857143,0.86,30.009,30.46
LY479_1,LY479,1,1,70.5,0,0,0,3,1.625,31.712,32.47,1.980769231,31.05928571,31.84285714
LY479_1,LY479,1,2,70.5,0,0,0,3,1.44,31.909,32.86,1.625,31.712,32.47
LY479_1,LY479,1,3,70.5,0.5,0.709219858,0,3,0.67,31.071,31.47,1.44,31.909,32.86
LY479_2,LY479,2,3,57,0.17,0.298245614,0,1,0.67,31.071,31.47,1.44,31.909,32.86
LY479_2,LY479,2,2,56.83,0.17,0.299137779,0,1,1.44,31.909,32.86,1.625,31.712,32.47
LY479_2,LY479,2,1,56,0.83,1.482142857,0,1,1.625,31.712,32.47,1.980769231,31.05928571,31.84285714
LY529B016_1,LY529B016,1,3,78,-0.67,-0.858974359,1,2,1.333,31.088,32.068,0.96,31.985,32.39
LY529B016_1,LY529B016,1,2,78,0,0,0,2,0.96,31.985,32.39,2.042,31.795,32.962
LY529B016_1,LY529B016,1,4,77.33,0.33,0.426742532,0,2,0.627,29.999,30.37,1.333,31.088,32.068
LY529B016_1,LY529B016,1,5,77.67,1,1.287498391,0,2,1.2405,28.04675,28.5155,0.627,29.999,30.37
LY529B016_1,LY529B016,1,1,77,1,1.298701299,0,2,2.042,31.795,32.962,2.2085,31.18925,32.5645
LY529B016_2,LY529B016,2,2,60,-1,-1.666666667,1,2,0.96,31.985,32.39,2.042,31.795,32.962
LY529B016_2,LY529B016,2,5,60.5,0.33,0.545454545,0,2,1.2405,28.04675,28.5155,0.627,29.999,30.37
LY529B016_2,LY529B016,2,4,60,0.5,0.833333333,0,2,0.627,29.999,30.37,1.333,31.088,32.068
LY529B016_2,LY529B016,2,3,59,1,1.694915254,0,2,1.333,31.088,32.068,0.96,31.985,32.39
LY529B016_2,LY529B016,2,1,58,2,3.448275862,0,2,2.042,31.795,32.962,2.2085,31.18925,32.5645
LY551_1,LY551,1,5,72.17,-0.17,-0.23555494,1,2,1.25,27.821,28.643,0.717,30.22,30.673
LY551_1,LY551,1,2,70.5,0,0,0,2,1.106,32.222,32.816,2.165,31.059,32.49
LY551_1,LY551,1,3,70.5,0.67,0.95035461,0,2,1.012,30.921,31.625,1.106,32.222,32.816
LY551_1,LY551,1,4,71.17,1,1.405086413,0,2,0.717,30.22,30.673,1.012,30.921,31.625
LY551_1,LY551,1,1,67.5,3,4.444444444,0,2,2.165,31.059,32.49,2.3595,29.73,31.964
LY551_2,LY551,2,5,55.17,-0.33,-0.598151169,1,3,1.25,27.821,28.643,0.717,30.22,30.673
LY551_2,LY551,2,3,54.5,-0.17,-0.311926606,1,3,1.012,30.921,31.625,1.106,32.222,32.816
LY551_2,LY551,2,2,54,0.5,0.925925926,0,3,1.106,32.222,32.816,2.165,31.059,32.49
LY551_2,LY551,2,4,54.33,0.83,1.527701086,0,3,0.717,30.22,30.673,1.012,30.921,31.625
LY551_2,LY551,2,1,52.5,1.5,2.857142857,0,3,2.165,31.059,32.49,2.3595,29.73,31.964
LY79_1,LY79,1,1,66,0,0,0,1,0.923,31.608,32.258,0.907,31.03725,31.94575
LY79_1,LY79,1,4,68,0,0,0,1,0.897,29.928,30.457,0.727,30.771,31.27
LY79_1,LY79,1,5,68,0.5,0.735294118,0,1,0.853,27.86075,28.61925,0.897,29.928,30.457
LY79_1,LY79,1,2,66,0.67,1.015151515,0,1,0.865,32.084,32.52,0.923,31.608,32.258
LY79_1,LY79,1,3,66.67,1.33,1.994900255,0,1,0.727,30.771,31.27,0.865,32.084,32.52
LY79_2,LY79,2,1,51,-1.5,-2.941176471,1,3,0.923,31.608,32.258,0.907,31.03725,31.94575
LY79_2,LY79,2,4,51.83,-0.33,-0.636696894,1,3,0.897,29.928,30.457,0.727,30.771,31.27
LY79_2,LY79,2,3,51.83,0,0,0,3,0.727,30.771,31.27,0.865,32.084,32.52
LY79_2,LY79,2,5,51.5,0.5,0.970873786,0,3,0.853,27.86075,28.61925,0.897,29.928,30.457
LY79_2,LY79,2,2,49.5,2.33,4.707070707,0,3,0.865,32.084,32.52,0.923,31.608,32.258
LY85_1,LY85,1,4,62.83,0.33,0.525226802,0,1,1.05,30.002,30.83,0.777,30.753,31.287
LY85_1,LY85,1,3,62.17,0.67,1.077690204,0,1,0.777,30.753,31.287,1.377,32.203,32.818
LY85_1,LY85,1,2,61.5,0.67,1.089430894,0,1,1.377,32.203,32.818,1.39,31.712,32.61
LY85_1,LY85,1,5,63.17,0.83,1.313914833,0,1,1.1485,27.97,29.33725,1.05,30.002,30.83
LY85_1,LY85,1,1,59,2.5,4.237288136,0,1,1.39,31.712,32.61,1.5535,31.26,32.77275
LY85_2,LY85,2,1,47,-0.83,-1.765957447,1,2,1.39,31.712,32.61,1.5535,31.26,32.77275
LY85_2,LY85,2,4,47.33,0.17,0.359180224,0,2,1.05,30.002,30.83,0.777,30.753,31.287
LY85_2,LY85,2,5,47.5,0.5,1.052631579,0,2,1.1485,27.97,29.33725,1.05,30.002,30.83
LY85_2,LY85,2,2,46.17,0.5,1.082954299,0,2,1.377,32.203,32.818,1.39,31.712,32.61
LY85_2,LY85,2,3,46.67,0.67,1.435611742,0,2,0.777,30.753,31.287,1.377,32.203,32.818
LY90_1,LY90,1,2,68.5,-0.33,-0.481751825,1,2,0.95,32.301,32.737,1.705,31.754,32.73
LY90_1,LY90,1,5,69.33,0.5,0.721188519,0,2,1.0885,27.582,28.018,0.682,29.916,30.283
LY90_1,LY90,1,3,68.17,0.5,0.733460466,0,2,1.017,30.891,31.66,0.95,32.301,32.737
LY90_1,LY90,1,4,68.67,0.67,0.975680792,0,2,0.682,29.916,30.283,1.017,30.891,31.66
LY90_1,LY90,1,1,67,1.5,2.23880597,0,2,1.705,31.754,32.73,1.839,31.044,32.227
LY90_2,LY90,2,5,55.5,0.17,0.306306306,0,1,1.0885,27.582,28.018,0.682,29.916,30.283
LY90_2,LY90,2,2,54,0.17,0.314814815,0,1,0.95,32.301,32.737,1.705,31.754,32.73
LY90_2,LY90,2,3,54.17,0.5,0.923020122,0,1,1.017,30.891,31.66,0.95,32.301,32.737
LY90_2,LY90,2,4,54.67,0.83,1.51820011,0,1,0.682,29.916,30.283,1.017,30.891,31.66
LY90_2,LY90,2,1,52,2,3.846153846,0,1,1.705,31.754,32.73,1.839,31.044,32.227
LY97_1,LY97,1,5,74.33,0.33,0.443966097,0,1,0.81175,27.8175,28.686,0.757,29.899,30.44
LY97_1,LY97,1,3,72.67,0.33,0.45410761,0,1,0.67,30.701,31.17,0.892,32.091,32.475
LY97_1,LY97,1,2,72,0.67,0.930555556,0,1,0.892,32.091,32.475,0.928,31.579,32.223
LY97_1,LY97,1,4,73,1.33,1.821917808,0,1,0.757,29.899,30.44,0.67,30.701,31.17
LY97_1,LY97,1,1,70,2,2.857142857,0,1,0.928,31.579,32.223,0.9955,31.0325,32.013
LY97_2,LY97,2,1,54,-0.67,-1.240740741,1,2,0.928,31.579,32.223,0.9955,31.0325,32.013
LY97_2,LY97,2,3,53.83,0.5,0.928850084,0,2,0.67,30.701,31.17,0.892,32.091,32.475
LY97_2,LY97,2,2,53.33,0.5,0.937558597,0,2,0.892,32.091,32.475,0.928,31.579,32.223
LY97_2,LY97,2,4,54.33,0.83,1.527701086,0,2,0.757,29.899,30.44,0.67,30.701,31.17
LY97_2,LY97,2,5,55.17,1.5,2.718868951,0,2,0.81175,27.8175,28.686,0.757,29.899,30.44
O142_1,O142,1,2,78.5,-4,-5.095541401,1,3,1.398,32.312,32.97,1.3,31.621,32.145
O142_1,O142,1,3,74.5,-0.33,-0.44295302,1,3,0.77,30.802,31.373,1.398,32.312,32.97
O142_1,O142,1,4,74.17,0.33,0.444923824,0,3,0.34,29.988,30.22,0.77,30.802,31.373
O142_1,O142,1,5,74.5,1,1.342281879,0,3,0.952,27.69725,27.3615,0.34,29.988,30.22
O142_1,O142,1,1,75,3.5,4.666666667,0,3,1.3,31.621,32.145,1.829,30.90175,31.0475
O142_2,O142,2,5,57.33,-0.33,-0.575614861,1,2,0.952,27.69725,27.3615,0.34,29.988,30.22
O142_2,O142,2,4,57,0.33,0.578947368,0,2,0.34,29.988,30.22,0.77,30.802,31.373
O142_2,O142,2,2,56,0.33,0.589285714,0,2,1.398,32.312,32.97,1.3,31.621,32.145
O142_2,O142,2,3,56.33,0.67,1.189419492,0,2,0.77,30.802,31.373,1.398,32.312,32.97
O142_2,O142,2,1,55,1,1.818181818,0,2,1.3,31.621,32.145,1.829,30.90175,31.0475
O36_1,O36,1,2,73.33,-0.5,-0.681849175,1,2,1.5,32.15,32.685,1.157,31.608,32.333
O36_1,O36,1,5,75,0,0,0,2,1.0405,27.7775,28.41975,0.905,29.945,30.415
O36_1,O36,1,1,73,0.33,0.452054795,0,2,1.157,31.608,32.333,1.4545,30.9355,32.03425
O36_1,O36,1,3,72.83,0.67,0.91995057,0,2,0.6,30.823,31.21,1.5,32.15,32.685
O36_1,O36,1,4,73.5,1.5,2.040816327,0,2,0.905,29.945,30.415,0.6,30.823,31.21
O36_2,O36,2,5,57.33,-0.67,-1.168672597,1,3,1.0405,27.7775,28.41975,0.905,29.945,30.415
O36_2,O36,2,2,57,-0.5,-0.877192982,1,3,1.5,32.15,32.685,1.157,31.608,32.333
O36_2,O36,2,3,56.5,-0.17,-0.300884956,1,3,0.6,30.823,31.21,1.5,32.15,32.685
O36_2,O36,2,4,56.33,1,1.775252974,0,3,0.905,29.945,30.415,0.6,30.823,31.21
O36_2,O36,2,1,55,2,3.636363636,0,3,1.157,31.608,32.333,1.4545,30.9355,32.03425
SY517_1,SY517,1,4,74,-0.67,-0.905405405,1,3,0.853,29.864,30.24,1.378,31.133,32.088
SY517_1,SY517,1,2,74,-0.33,-0.445945946,1,3,0.917,32.089,32.357,1.473,31.578,32.413
SY517_1,SY517,1,1,74,0,0,0,3,1.473,31.578,32.413,1.505,30.4655,31.2315
SY517_1,SY517,1,3,73.67,0.33,0.447943532,0,3,1.378,31.133,32.088,0.917,32.089,32.357
SY517_1,SY517,1,5,73.33,1.33,1.813718805,0,3,0.967203962,27.4165,27.8375,0.853,29.864,30.24
SY517_2,SY517,2,4,57.17,-0.67,-1.171943327,1,2,0.853,29.864,30.24,1.378,31.133,32.088
SY517_2,SY517,2,3,56.67,0.5,0.882301041,0,2,1.378,31.133,32.088,0.917,32.089,32.357
SY517_2,SY517,2,5,56.5,0.5,0.884955752,0,2,0.967203962,27.4165,27.8375,0.853,29.864,30.24
SY517_2,SY517,2,2,56,0.67,1.196428571,0,2,0.917,32.089,32.357,1.473,31.578,32.413
SY517_2,SY517,2,1,55,1,1.818181818,0,2,1.473,31.578,32.413,1.505,30.4655,31.2315
SY518_1,SY518,1,3,67.83,-0.33,-0.486510394,1,3,1.498,31.155,31.933,1.287,31.931,32.287
SY518_1,SY518,1,5,67.83,-0.33,-0.486510394,1,3,1.44025,27.1385,27.37225,0.347,29.725,29.927
SY518_1,SY518,1,4,67.5,0.33,0.488888889,0,3,0.347,29.725,29.927,1.498,31.155,31.933
SY518_1,SY518,1,2,66.5,1.33,2,0,3,1.287,31.931,32.287,2.629,31.383,32.46
SY518_1,SY518,1,1,64,2.5,3.90625,0,3,2.629,31.383,32.46,3.099,30.0135,31.34875
SY518_2,SY518,2,5,55.33,-0.17,-0.307247425,1,2,1.44025,27.1385,27.37225,0.347,29.725,29.927
SY518_2,SY518,2,1,53,0,0,0,2,2.629,31.383,32.46,3.099,30.0135,31.34875
SY518_2,SY518,2,3,53.67,0.67,1.248369666,0,2,1.498,31.155,31.933,1.287,31.931,32.287
SY518_2,SY518,2,2,53,0.67,1.264150943,0,2,1.287,31.931,32.287,2.629,31.383,32.46
SY518_2,SY518,2,4,54.33,1,1.840603718,0,2,0.347,29.725,29.927,1.498,31.155,31.933
SY598_1,SY598,1,3,65.67,-0.17,-0.258870108,1,2,0.78,30.705,31.28,0.95,32.116,32.61
SY598_1,SY598,1,1,63.5,0,0,0,2,0.777,31.62,32.157,0.8455,31.113,31.616
SY598_1,SY598,1,4,65.5,0.5,0.763358779,0,2,0.813,29.915,30.427,0.78,30.705,31.28
SY598_1,SY598,1,5,66,2,3.03030303,0,2,0.83,27.85,28.356,0.813,29.915,30.427
SY598_1,SY598,1,2,63.5,2.17,3.417322835,0,2,0.95,32.116,32.61,0.777,31.62,32.157
SY598_2,SY598,2,3,52.5,0,0,0,1,0.78,30.705,31.28,0.95,32.116,32.61
SY598_2,SY598,2,5,53.33,0.17,0.318769923,0,1,0.83,27.85,28.356,0.813,29.915,30.427
SY598_2,SY598,2,4,52.5,0.83,1.580952381,0,1,0.813,29.915,30.427,0.78,30.705,31.28
SY598_2,SY598,2,1,48.5,1.5,3.092783505,0,1,0.777,31.62,32.157,0.8455,31.113,31.616
SY598_2,SY598,2,2,50,2.5,5,0,1,0.95,32.116,32.61,0.777,31.62,32.157
