FishID,GroupID,Rank,LC_Adj,TL,Init_TL,Diff_TL,Perc_change_TL,R2_Shrink,R1_Shrink,Shrinking,Size_R2R1_Initial,Max_Temp_LC,Max_Temp_LC_INIT
B27_1,B27,1,1,69.67,75,-5.33,-7.106666667,,1,1,0.72,32.544,31.865
B28_1,B28,1,4,65.67,70.33,-4.67,-6.640125124,,1,1,0.763116735,30.2,31.66
LY272_2,LY272,2,1,59,63,-4,-6.349206349,1,,1,0.84,32.668,31.87225
O142_1,O142,1,2,74.5,78.5,-4,-5.095541401,,1,1,0.713375796,32.97,32.145
B40_1,B40,1,5,70.5,74,-3.5,-4.72972973,,1,1,,27.75525,30.09
B49_2,B49,2,2,58.67,61,-2.33,-3.819672131,1,,1,0.85915493,32.544,31.78
B33_2,B33,2,1,53.17,55,-1.83,-3.327272727,1,,1,0.820895522,31.98,30.6245
B20_2,B20,2,1,46.5,48,-1.5,-3.125,1,,1,0.864864865,32.74,32.20625
B62_1,B62,1,1,77.5,80,-2.5,-3.125,,1,1,0.7875,33.03,33.02
LY79_2,LY79,2,1,49.5,51,-1.5,-2.941176471,1,,1,0.772727273,32.258,31.94575
B62_2,B62,2,1,61.33,63,-1.67,-2.650793651,1,,1,0.7875,33.03,33.02
B68_2,B68,2,2,63.83,65.5,-1.67,-2.549618321,1,,1,0.793939394,32.45,32.007
B32_2,B32,2,5,32,32.83,-0.83,-2.528175449,1,,1,0.637475728,27.73625,30.2
LY399_1,LY399,1,1,78.17,80,-1.83,-2.2875,,1,1,0.7625,32.042,31.32175
B48_1,B48,1,2,79.17,81,-1.83,-2.259259259,,1,1,0.724320988,33.073,32.587
B54_2,B54,2,1,52.83,54,-1.17,-2.166666667,1,,1,0.9,33.083,33.27675
LY357_1,LY357,1,1,71.5,73,-1.5,-2.054794521,,1,1,0.801369863,32.77,32.94025
B46_1,B46,1,5,80.33,82,-1.67,-2.036585366,,1,1,0.782560976,27.786,30.37
B80_2,B80,2,2,50.5,51.5,-1,-1.941747573,1,,1,0.811023622,32.6,32.353
B32_2,B32,2,1,26.5,27,-0.5,-1.851851852,1,,1,0.586956522,32.495,31.73275
B46_2,B46,2,5,63,64.17,-1.17,-1.823281907,1,,1,0.782560976,27.786,30.37
B142_2,B142,2,4,54.17,55.17,-1,-1.8125793,1,,1,0.743831738,30.427,31.96
LY85_2,LY85,2,1,46.17,47,-0.83,-1.765957447,1,,1,0.796610169,32.61,32.77275
B34_1,B34,1,4,56.17,57.17,-1,-1.749169145,,1,1,0.792898373,30.2,31.57
B35_2,B35,2,1,47.17,48,-0.83,-1.729166667,1,,1,0.768,31.978,31.6745
LY272_2,LY272,2,4,58.83,59.83,-1,-1.671402307,1,,1,0.773697142,30.227,31.72
LY529B016_2,LY529B016,2,2,59,60,-1,-1.666666667,1,,1,0.769230769,32.39,32.962
B31_1,B31,1,3,79.17,80.5,-1.33,-1.652173913,,1,1,0.795031056,31.74,32.67
LY399_2,LY399,2,1,60,61,-1,-1.639344262,1,,1,0.7625,32.042,31.32175
B29_2,B29,2,5,49.83,50.67,-0.83,-1.638050128,1,,1,0.823902439,27.2965,30.2
B49_1,B49,1,3,70.67,71.83,-1.17,-1.628845886,,1,1,0.816789642,31.283,32.544
B004_1,B004,1,1,62,63,-1,-1.587301587,,1,1,0.896825397,32.985,32.89625
B142_1,B142,1,4,73,74.17,-1.17,-1.577457193,,1,1,0.743831738,30.427,31.96
B31_2,B31,2,3,63,64,-1,-1.5625,1,,1,0.795031056,31.74,32.67
LY272_1,LY272,1,4,76.17,77.33,-1.17,-1.51299625,,1,1,0.773697142,30.227,31.72
B27_2,B27,2,3,55.33,56.17,-0.83,-1.477657112,1,,1,0.804382071,31.583,32.687
B71_1,B71,1,1,67.5,68.5,-1,-1.459854015,,1,1,0.729927007,33.008,33.18375
LY344_2,LY344,2,1,56.67,57.5,-0.83,-1.443478261,1,,1,0.827338129,32.992,33.4885
B48_2,B48,2,5,58,58.83,-0.83,-1.410844807,1,,1,0.741585781,27.649,30.41
LY103_2,LY103,2,5,49.17,49.83,-0.67,-1.344571543,1,,1,0.70351546,27.411,30.2
B006_1,B006,1,4,62.17,63,-0.83,-1.317460317,,1,1,0.709047619,30.28,31.76
B010_2,B010,2,1,53.33,54,-0.67,-1.240740741,1,,1,0.692307692,33.04,33.3092
LY97_2,LY97,2,1,53.33,54,-0.67,-1.240740741,1,,1,0.771428571,32.223,32.013
SY517_2,SY517,2,4,56.5,57.17,-0.67,-1.171943327,1,,1,0.772567568,30.24,32.088
O36_2,O36,2,5,56.67,57.33,-0.67,-1.168672597,1,,1,0.7644,28.41975,30.415
B20_1,B20,1,5,57,57.67,-0.67,-1.161782556,,1,1,0.820704006,27.65775,30.09
B64_2,B64,2,1,57.33,58,-0.67,-1.155172414,1,,1,0.828571429,33.658,33.91575
B60_1,B60,1,4,59,59.67,-0.67,-1.122842299,,1,1,0.818334171,30.102,31.635
B24_2,B24,2,5,45.83,46.33,-0.5,-1.079214332,1,,1,0.776437071,27.0295,30.03
B003_1,B003,1,3,62.17,62.83,-0.67,-1.066369569,,1,1,,31.39,32.28
B31_2,B31,2,5,64,64.67,-0.67,-1.036029071,1,,1,0.806660846,28.46475,30.37
B29_2,B29,2,1,49,49.5,-0.5,-1.01010101,1,,1,0.868421053,32.587,31.5945
B33_1,B33,1,2,66.33,67,-0.67,-1,,1,1,0.79358209,32.704,31.98
B38_2,B38,2,5,50.17,50.67,-0.5,-0.986777186,1,,1,0.739708029,28.8635,30.5
LY394_2,LY394,2,1,50.5,51,-0.5,-0.980392157,1,,1,0.662337662,32.242,31.69925
B59_1,B59,1,5,51,51.5,-0.5,-0.970873786,,1,1,,27.94614286,30.24
B007_2,B007,2,4,53.33,53.83,-0.5,-0.928850084,1,,1,0.727432432,30.28,31.87
SY517_1,SY517,1,4,73.33,74,-0.67,-0.905405405,,1,1,0.772567568,30.24,32.088
B60_1,B60,1,1,55,55.5,-0.5,-0.900900901,,1,1,0.882882883,32.337,31.308
B005_2,B005,2,4,55.83,56.33,-0.5,-0.887626487,1,,1,0.797085043,30.18,31.49
B004_2,B004,2,1,56,56.5,-0.5,-0.884955752,1,,1,0.896825397,32.985,32.89625
LY347_2,LY347,2,1,56,56.5,-0.5,-0.884955752,1,,1,0.733766234,32.478,32.1735
LY353B002_1,LY353B002,1,5,75.67,76.33,-0.67,-0.877767588,,1,1,0.783833355,28.709,30.543
O36_2,O36,2,2,56.5,57,-0.5,-0.877192982,1,,1,0.777308059,32.685,32.333
LY529B016_1,LY529B016,1,3,77.33,78,-0.67,-0.858974359,,1,1,0.756410256,32.068,32.39
B64_2,B64,2,3,57.83,58.33,-0.5,-0.85719184,1,,1,0.821549296,32.055,32.753
LY344_2,LY344,2,5,57.83,58.33,-0.5,-0.85719184,1,,1,0.825385595,29.3885,30.457
B59_2,B59,2,2,38.17,38.5,-0.33,-0.857142857,1,,1,0.772626932,32.405,32.393
B008_1,B008,1,5,77.83,78.5,-0.67,-0.853503185,,1,1,0.796178344,28.112,30.2
B49_2,B49,2,5,60,60.5,-0.5,-0.826446281,1,,1,,27.85857143,30.26
B83_2,B83,2,1,60,60.5,-0.5,-0.826446281,1,,1,0.828767123,32.78,32.896
B83_2,B83,2,3,60.33,60.83,-0.5,-0.821962847,1,,1,0.807513607,31.615,32.887
B003_1,B003,1,5,63,63.5,-0.5,-0.787401575,,1,1,,28.44,30.11
B38_1,B38,1,1,63,63.5,-0.5,-0.787401575,,1,1,0.771653543,31.978,31.6745
LY363_1,LY363,1,4,63.83,64.33,-0.5,-0.777242344,,1,1,0.779884968,30.545,31.53
B006_2,B006,2,5,44.83,45.17,-0.33,-0.730573389,1,,1,0.726556217,28.128,30.28
B28_1,B28,1,3,70.33,70.83,-0.5,-0.705915572,,1,1,0.755329663,31.66,32.625
LY103_1,LY103,1,1,70.5,71,-0.5,-0.704225352,,1,1,0.591549296,32.148,30.677
LY479_1,LY479,1,4,70.5,71,-0.5,-0.704225352,,1,1,,30.46,31.47
B69_2,B69,2,1,47.17,47.5,-0.33,-0.694736842,1,,1,0.805084746,32.28,32.04
B69_2,B69,2,4,47.67,48,-0.33,-0.6875,1,,1,0.784698382,30.26,31.11
O36_1,O36,1,2,72.83,73.33,-0.5,-0.681849175,,1,1,0.777308059,32.685,32.333
B142_1,B142,1,2,73,73.5,-0.5,-0.680272109,,1,1,0.741496599,32.588,32.762
B142_1,B142,1,1,73.5,74,-0.5,-0.675675676,,1,1,0.716216216,32.762,32.14375
B60_2,B60,2,2,48.67,49,-0.33,-0.673469388,1,,1,0.890909091,32.644,32.337
LY353B002_1,LY353B002,1,3,75.17,75.67,-0.5,-0.660763843,,1,1,0.770847099,31.457,32.678
LY363_2,LY363,2,5,50,50.33,-0.33,-0.655672561,1,,1,0.788500705,28.819,30.545
LY386_1,LY386,1,2,76,76.5,-0.5,-0.653594771,,1,1,0.718954248,32.74,32.665
LY272_1,LY272,1,3,77.33,77.83,-0.5,-0.6424258,,1,1,0.753822434,31.72,32.868
LY79_2,LY79,2,4,51.5,51.83,-0.33,-0.636696894,1,,1,0.762205882,30.457,31.27
B46_1,B46,1,1,78.5,79,-0.5,-0.632911392,,1,1,0.784810127,32.623,32.035
B011_2,B011,2,5,52,52.33,-0.33,-0.630613415,1,,1,0.762050386,28.791,30.18
B46_1,B46,1,3,79.83,80.33,-0.5,-0.622432466,,1,1,0.782148637,31.42,33.159
LY399_1,LY399,1,5,79.83,80.33,-0.5,-0.622432466,,1,1,0.763475663,28.31725,30.443
B007_2,B007,2,2,53.83,54.17,-0.33,-0.60919328,1,,1,0.738715396,32.599,30.28
B54_2,B54,2,5,54,54.33,-0.33,-0.607399227,1,,1,0.796978143,28.48125,30.285
LY274B14_2,LY274B14,2,1,54.17,54.5,-0.33,-0.605504587,1,,1,0.773049645,32.266,31.56425
LY551_2,LY551,2,5,54.83,55.17,-0.33,-0.598151169,1,,1,0.76444506,28.643,30.673
O142_2,O142,2,5,57,57.33,-0.33,-0.575614861,1,,1,0.769530201,27.3615,30.22
LY272_2,LY272,2,2,58.67,59,-0.33,-0.559322034,1,,1,0.756410256,32.868,32.668
B48_2,B48,2,4,58.83,59.17,-0.33,-0.557715058,1,,1,0.74268859,30.41,31.83
LY353B002_2,LY353B002,2,5,59.5,59.83,-0.33,-0.551562761,1,,1,0.783833355,28.709,30.543
B32_2,B32,2,3,30.67,30.83,-0.17,-0.551410963,1,,1,0.642291667,31.6,32.708
LY357_2,LY357,2,5,61,61.33,-0.33,-0.538072721,1,,1,0.825104265,29.05375,30.37
B69_1,B69,1,5,62,62.33,-0.33,-0.529440077,,1,1,0.764800257,28.3,30.26
B008_2,B008,2,4,62.5,62.83,-0.33,-0.525226802,1,,1,0.803761034,30.2,31.44
B46_2,B46,2,2,62.83,63.17,-0.33,-0.522399873,1,,1,0.804713376,33.159,32.623
LY372_1,LY372,1,4,66.67,67,-0.33,-0.492537313,,1,1,,30.26,31.66
B35_1,B35,1,5,67.17,67.5,-0.33,-0.488888889,,1,1,0.735851852,28.8635,30.5
LY106_1,LY106,1,5,67.5,67.83,-0.33,-0.486510394,,1,1,0.798614183,27.452,30.28
SY518_1,SY518,1,3,67.5,67.83,-0.33,-0.486510394,,1,1,0.791242813,31.933,32.287
SY518_1,SY518,1,5,67.5,67.83,-0.33,-0.486510394,,1,1,0.81571576,27.37225,29.927
LY90_1,LY90,1,2,68.17,68.5,-0.33,-0.481751825,,1,1,0.788321168,32.737,32.73
LY103_1,LY103,1,2,70.17,70.5,-0.33,-0.468085106,,1,1,0.687943262,32.583,32.148
LY479_1,LY479,1,5,70.17,70.5,-0.33,-0.468085106,,1,1,,27.97857143,30.46
LY103_1,LY103,1,5,70.5,70.83,-0.33,-0.465904278,,1,1,0.70351546,27.411,30.2
B61_2,B61,2,2,37.33,37.5,-0.17,-0.453333333,1,,1,0.641025641,32.828,32.77
B64_1,B64,1,5,73,73.33,-0.33,-0.450020455,,1,1,0.800081822,28.71725,30.425
SY517_1,SY517,1,2,73.67,74,-0.33,-0.445945946,,1,1,0.756756757,32.357,32.413
B007_1,B007,1,5,74,74.33,-0.33,-0.443966097,,1,1,0.71747612,27.829,30.28
O142_1,O142,1,3,74.17,74.5,-0.33,-0.44295302,,1,1,0.756107383,31.373,32.97
B48_1,B48,1,5,79,79.33,-0.33,-0.415983865,,1,1,0.741585781,27.649,30.41
B48_1,B48,1,4,79.33,79.67,-0.33,-0.414208611,,1,1,0.74268859,30.41,31.83
B60_2,B60,2,5,49.67,49.83,-0.17,-0.341159944,1,,1,0.844576271,27.451,30.102
B59_1,B59,1,1,49.83,50,-0.17,-0.34,,1,1,0.75,32.393,31.33971429
LY363_2,LY363,2,3,50.17,50.33,-0.17,-0.337770713,1,,1,0.794726038,31.53,32.56
LY363_2,LY363,2,2,50.33,50.5,-0.17,-0.336633663,1,,1,0.801587302,32.56,32.587
B38_2,B38,2,4,50.67,50.83,-0.17,-0.334448161,1,,1,0.776030534,30.5,31.13
B80_2,B80,2,5,51,51.17,-0.17,-0.332225914,1,,1,0.791247874,28.75775,30.598
B71_2,B71,2,5,52,52.17,-0.17,-0.325857773,1,,1,0.761605839,28.28225,30.22
B33_2,B33,2,4,53.17,53.33,-0.17,-0.318769923,1,,1,0.799910004,30.18,31.55
LY106_2,LY106,2,5,54,54.17,-0.17,-0.313826841,1,,1,0.798614183,27.452,30.28
LY551_2,LY551,2,3,54.33,54.5,-0.17,-0.311926606,1,,1,0.773049645,31.625,32.816
SY518_2,SY518,2,5,55.17,55.33,-0.17,-0.307247425,1,,1,0.81571576,27.37225,29.927
LY355B012_2,LY355B012,2,2,55.83,56,-0.17,-0.303571429,1,,1,0.817518248,32.45,32.697
B34_1,B34,1,5,56,56.17,-0.17,-0.302652662,,1,1,0.810040947,27.90875,30.2
O36_2,O36,2,3,56.33,56.5,-0.17,-0.300884956,1,,1,0.775779212,31.21,32.685
B58_2,B58,2,4,59.67,59.83,-0.17,-0.284138392,1,,1,0.744802689,30.41,31.403
B006_1,B006,1,2,61.33,61.5,-0.17,-0.276422764,,1,1,0.707317073,32.568,31.98
B003_1,B003,1,2,62.83,63,-0.17,-0.26984127,,1,1,,30.11,31.39
B19_1,B19,1,5,64,64.17,-0.17,-0.264921303,,1,1,0.771388499,27.37,30.083
LY249_1,LY249,1,4,65,65.17,-0.17,-0.260856222,,1,1,0.959030229,30.37,31.933
LY249_1,LY249,1,3,65.17,65.33,-0.17,-0.260217358,,1,1,0.956681463,31.933,32.78
SY598_1,SY598,1,3,65.5,65.67,-0.17,-0.258870108,,1,1,0.799451804,31.28,32.61
B54_1,B54,1,2,66.33,66.5,-0.17,-0.255639098,,1,1,0.79443609,32.685,33.083
B54_1,B54,1,4,68.17,68.33,-0.17,-0.248792624,,1,1,0.785452949,30.285,31.488
LY355B012_1,LY355B012,1,2,68.33,68.5,-0.17,-0.248175182,,1,1,0.817518248,32.45,32.697
B005_1,B005,1,3,70.67,70.83,-0.17,-0.240011295,,1,1,0.774107017,31.49,32.475
LY551_1,LY551,1,5,72,72.17,-0.17,-0.23555494,,1,1,0.76444506,28.643,30.673
LY394_1,LY394,1,2,77.5,77.67,-0.17,-0.218874726,,1,1,0.650186687,32.69,32.242
LY272_1,LY272,1,2,77.83,78,-0.17,-0.217948718,,1,1,0.756410256,32.868,32.668
B62_1,B62,1,3,78.17,78.33,-0.17,-0.217030512,,1,1,0.782969488,31.757,32.518
B004_2,B004,2,3,56.83,56.83,0,0,0,,0,0.897363019,31.43,33.12
B007_2,B007,2,3,53.83,53.83,0,0,0,,0,0.729107409,31.87,32.599
B008_2,B008,2,5,62.5,62.5,0,0,0,,0,0.796178344,28.112,30.2
B011_1,B011,1,5,68.67,68.67,0,0,,0,0,0.762050386,28.791,30.18
B19_1,B19,1,2,62,62,0,0,,0,0,0.75,32.365,31.443
B19_2,B19,2,1,46.5,46.5,0,0,0,,0,0.762295082,31.443,29.964
B19_2,B19,2,3,48,48,0,0,0,,0,0.774193548,31.257,32.365
B19_2,B19,2,5,49.5,49.5,0,0,0,,0,0.771388499,27.37,30.083
B21_2,B21,2,3,49,49,0,0,0,,0,0.753846154,31.543,32.645
B21_2,B21,2,4,49,49,0,0,0,,0,0.750038267,30.03,31.543
B21_2,B21,2,5,49,49,0,0,0,,0,0.748091603,27.569,30.03
B24_1,B24,1,1,54,54,0,0,,0,0,0.768518519,31.743,30.1715
B28_2,B28,2,1,52,52,0,0,0,,0,0.764705882,32.488,31.70425
B28_2,B28,2,4,53.67,53.67,0,0,0,,0,0.763116735,30.2,31.66
B29_1,B29,1,3,60.83,60.83,0,0,,0,0,0.813743219,31.65,33.085
B31_1,B31,1,5,80.17,80.17,0,0,,0,0,0.806660846,28.46475,30.37
B31_2,B31,2,2,64,64,0,0,0,,0,0.8,32.67,33.033
B33_1,B33,1,1,67,67,0,0,,0,0,0.820895522,31.98,30.6245
B33_2,B33,2,2,53.17,53.17,0,0,0,,0,0.79358209,32.704,31.98
B35_1,B35,1,1,62.5,62.5,0,0,,0,0,0.768,31.978,31.6745
B40_2,B40,2,2,56,56,0,0,0,,0,0.82962963,32.652,32.647
B40_2,B40,2,4,56.17,56.17,0,0,0,,0,0.808201439,30.09,31.49
B48_2,B48,2,3,59.17,59.17,0,0,0,,0,0.747379058,31.83,33.073
B54_2,B54,2,2,52.83,52.83,0,0,0,,0,0.79443609,32.685,33.083
B58_2,B58,2,1,59,59,0,0,0,,0,0.751592357,32.19,31.5515
B58_2,B58,2,3,59.83,59.83,0,0,0,,0,0.747875,31.403,32.573
B59_1,B59,1,3,51.17,51.17,0,0,,0,0,0.74594489,31.96,32.405
B59_2,B59,2,3,38.17,38.17,0,0,0,,0,0.74594489,31.96,32.405
B60_2,B60,2,1,49,49,0,0,0,,0,0.882882883,32.337,31.308
B62_2,B62,2,2,61.33,61.33,0,0,0,,0,0.791354839,32.518,33.03
B64_1,B64,1,2,71,71,0,0,,0,0,0.807464789,32.753,33.658
B64_2,B64,2,5,58.67,58.67,0,0,0,,0,0.800081822,28.71725,30.425
B68_1,B68,1,2,82.5,82.5,0,0,,0,0,0.793939394,32.45,32.007
B68_1,B68,1,5,83.5,83.5,0,0,,0,0,0.78239521,27.97025,30.2
B68_2,B68,2,1,65.5,65.5,0,0,0,,0,0.798780488,32.007,31.29075
B69_2,B69,2,3,48,48,0,0,0,,0,0.786885246,31.11,32.53
B71_1,B71,1,3,68.5,68.5,0,0,,0,0,0.751824818,31.335,32.774
B71_1,B71,1,4,68.5,68.5,0,0,,0,0,0.756642336,30.22,31.335
B78_2,B78,2,5,41,41,0,0,0,,0,0.798753166,27.189,30.313
B79_2,B79,2,2,60.5,60.5,0,0,0,,0,0.828767123,32.45,31.684
B79_2,B79,2,4,61.17,61.17,0,0,0,,0,0.83032442,30.16,31.8
B79_2,B79,2,5,61.17,61.17,0,0,0,,0,0.813755488,27.2105,30.16
B80_1,B80,1,4,64.67,64.67,0,0,,0,0,0.791247874,30.598,31.47
B80_2,B80,2,4,51.17,51.17,0,0,0,,0,0.791247874,30.598,31.47
B83_2,B83,2,5,61.17,61.17,0,0,0,,0,0.79617337,29.74,31.1
LY103_1,LY103,1,4,70.83,70.83,0,0,,0,0,0.698856417,30.2,31.895
LY106_1,LY106,1,4,67.83,67.83,0,0,,0,0,0.793601651,30.28,31.947
LY249_2,LY249,2,3,62.5,62.5,0,0,0,,0,0.956681463,31.933,32.78
LY249_2,LY249,2,4,62.5,62.5,0,0,0,,0,0.959030229,30.37,31.933
LY272_1,LY272,1,5,76.17,76.17,0,0,,0,0,0.772351319,27.63675,30.227
LY274B14_1,LY274B14,1,4,72.67,72.67,0,0,,0,0,0.761387092,30.11,31.313
LY344_1,LY344,1,3,70.67,70.67,0,0,,0,0,0.808971275,31.57,32.165
LY344_1,LY344,1,4,70.67,70.67,0,0,,0,0,0.818310457,30.457,31.57
LY347_1,LY347,1,2,77.83,77.83,0,0,,0,0,0.719516896,32.516,32.478
LY347_2,LY347,2,2,56,56,0,0,0,,0,0.719516896,32.516,32.478
LY353B002_2,LY353B002,2,1,57.5,57.5,0,0,0,,0,0.804195804,32.57,32.36
LY355B012_1,LY355B012,1,1,68.5,68.5,0,0,,0,0,0.817518248,32.697,32.61371429
LY355B012_2,LY355B012,2,1,56,56,0,0,0,,0,0.817518248,32.697,32.61371429
LY357_2,LY357,2,1,58.5,58.5,0,0,0,,0,0.801369863,32.77,32.94025
LY372_1,LY372,1,2,67,67,0,0,,0,0,0.746268657,32.58,32.73
LY372_1,LY372,1,3,67,67,0,0,,0,0,0.746268657,31.66,32.58
LY372_2,LY372,2,1,50,50,0,0,0,,0,0.78125,32.73,32.31714286
LY372_2,LY372,2,2,50,50,0,0,0,,0,0.746268657,32.58,32.73
LY394_2,LY394,2,3,53.67,53.67,0,0,0,,0,0.692516129,31.43,32.69
LY399_1,LY399,1,3,80,80,0,0,,0,0,0.766625,31.348,32.56
LY399_2,LY399,2,3,61.33,61.33,0,0,0,,0,0.766625,31.348,32.56
LY399_2,LY399,2,4,61.33,61.33,0,0,0,,0,0.766625,30.443,31.348
LY479_1,LY479,1,1,70.5,70.5,0,0,,0,0,0.794326241,32.47,31.84285714
LY479_1,LY479,1,2,70.5,70.5,0,0,,0,0,0.806099291,32.86,32.47
LY529B016_1,LY529B016,1,2,78,78,0,0,,0,0,0.769230769,32.39,32.962
LY551_1,LY551,1,2,70.5,70.5,0,0,,0,0,0.765957447,32.816,32.49
LY79_1,LY79,1,1,66,66,0,0,,0,0,0.772727273,32.258,31.94575
LY79_1,LY79,1,4,68,68,0,0,,0,0,0.762205882,30.457,31.27
LY79_2,LY79,2,3,51.83,51.83,0,0,0,,0,0.777411129,31.27,32.52
O36_1,O36,1,5,75,75,0,0,,0,0,0.7644,28.41975,30.415
SY517_1,SY517,1,1,74,74,0,0,,0,0,0.743243243,32.413,31.2315
SY518_2,SY518,2,1,53,53,0,0,0,,0,0.828125,32.46,31.34875
SY598_1,SY598,1,1,63.5,63.5,0,0,,0,0,0.763779528,32.157,31.616
SY598_2,SY598,2,3,52.5,52.5,0,0,0,,0,0.799451804,31.28,32.61
B58_1,B58,1,4,80.5,80.33,0.17,0.211627038,,0,0,0.744802689,30.41,31.403
B62_1,B62,1,5,78.5,78.33,0.17,0.217030512,,0,0,,28.669,30.383
B62_1,B62,1,4,78.33,78.17,0.17,0.217474735,,0,0,0.786746834,30.383,31.757
LY394_1,LY394,1,3,77.67,77.5,0.17,0.219354839,,0,0,0.692516129,31.43,32.69
LY386_1,LY386,1,3,76.17,76,0.17,0.223684211,,0,0,0.778552632,31.66,32.74
LY253_1,LY253,1,4,75.5,75.33,0.17,0.225673702,,0,0,,30.09,31.335
LY253_1,LY253,1,2,74.83,74.67,0.17,0.227668408,,0,0,,32.417,32.13
LY357_1,LY357,1,5,74.5,74.33,0.17,0.228709808,,0,0,0.825104265,29.05375,30.37
B007_1,B007,1,3,74,73.83,0.17,0.230258702,,0,0,0.729107409,31.87,32.599
B79_1,B79,1,3,73.67,73.5,0.17,0.231292517,,0,0,0.823129252,31.8,32.45
B142_1,B142,1,5,73.17,73,0.17,0.232876712,,0,0,0.742054795,28.32725,30.427
B27_1,B27,1,2,69.83,69.67,0.17,0.244007464,,0,0,0.786995838,32.687,32.544
LY355B012_1,LY355B012,1,4,69.17,69,0.17,0.246376812,,0,0,,30.508,31.587
LY106_1,LY106,1,3,67.83,67.67,0.17,0.251219152,,0,0,0.780700458,31.947,32.687
B21_1,B21,1,4,65.5,65.33,0.17,0.260217358,,0,0,0.750038267,30.03,31.543
B68_2,B68,2,4,65.33,65.17,0.17,0.260856222,0,,0,0.785180723,30.2,31.23
LY249_1,LY249,1,5,65.17,65,0.17,0.261538462,,0,0,0.961538462,27.8945,30.37
LY363_1,LY363,1,5,64,63.83,0.17,0.266332446,,0,0,0.788500705,28.819,30.545
LY252_2,LY252,2,4,62.33,62.17,0.17,0.273443783,0,,0,,30.16,31.243
B62_2,B62,2,4,61.67,61.5,0.17,0.276422764,0,,0,0.786746834,30.383,31.757
B62_2,B62,2,3,61.5,61.33,0.17,0.277188978,0,,0,0.782969488,31.757,32.518
LY399_2,LY399,2,5,61.5,61.33,0.17,0.277188978,0,,0,0.763475663,28.31725,30.443
B69_1,B69,1,3,61.17,61,0.17,0.278688525,,0,0,0.786885246,31.11,32.53
LY353B002_2,LY353B002,2,3,58.5,58.33,0.17,0.291445225,0,,0,0.770847099,31.457,32.678
B004_2,B004,2,5,57.83,57.67,0.17,0.294780649,0,,0,0.858567813,28.18875,30.41
B34_1,B34,1,3,57.17,57,0.17,0.298245614,,0,0,0.79245614,31.57,32.783
LY479_2,LY479,2,3,57.17,57,0.17,0.298245614,0,,0,0.808510638,31.47,32.86
LY479_2,LY479,2,2,57,56.83,0.17,0.299137779,0,,0,0.806099291,32.86,32.47
LY347_2,LY347,2,4,56.5,56.33,0.17,0.301793006,0,,0,0.716028982,30.28,31.38
B40_2,B40,2,3,56.17,56,0.17,0.303571429,0,,0,0.811594203,31.49,32.652
LY274B14_2,LY274B14,2,5,56,55.83,0.17,0.304495791,0,,0,,27.66975,30.11
LY90_2,LY90,2,5,55.67,55.5,0.17,0.306306306,0,,0,0.800519256,28.018,30.283
B27_2,B27,2,4,55.5,55.33,0.17,0.307247425,0,,0,0.784822695,30.18,31.583
LY274B14_2,LY274B14,2,3,55.33,55.17,0.17,0.308138481,0,,0,0.762754044,31.313,32.634
B142_2,B142,2,2,54.67,54.5,0.17,0.311926606,0,,0,0.741496599,32.588,32.762
LY90_2,LY90,2,2,54.17,54,0.17,0.314814815,0,,0,0.788321168,32.737,32.73
B28_2,B28,2,5,53.83,53.67,0.17,0.316750512,0,,0,0.817268159,27.78975,30.2
B28_2,B28,2,3,53.67,53.5,0.17,0.317757009,0,,0,0.755329663,31.66,32.625
SY598_2,SY598,2,5,53.5,53.33,0.17,0.318769923,0,,0,0.808030303,28.356,30.427
B33_2,B33,2,3,53.33,53.17,0.17,0.319729171,0,,0,0.80159807,31.55,32.704
B38_2,B38,2,3,50.83,50.67,0.17,0.335504243,0,,0,0.783516314,31.13,32.318
LY363_2,LY363,2,4,50.33,50.17,0.17,0.338847917,0,,0,0.779884968,30.545,31.53
B29_2,B29,2,3,49.67,49.5,0.17,0.343434343,0,,0,0.813743219,31.65,33.085
B38_2,B38,2,1,49.17,49,0.17,0.346938776,0,,0,0.771653543,31.978,31.6745
B60_2,B60,2,3,48.83,48.67,0.17,0.349291144,0,,0,0.834390537,31.635,32.644
B32_1,B32,1,3,48.17,48,0.17,0.354166667,,0,0,0.642291667,31.6,32.708
B69_2,B69,2,5,47.83,47.67,0.17,0.356618418,0,,0,0.764800257,28.3,30.26
B20_2,B20,2,5,47.5,47.33,0.17,0.359180224,0,,0,0.820704006,27.65775,30.09
LY85_2,LY85,2,4,47.5,47.33,0.17,0.359180224,0,,0,0.753302562,30.83,31.287
B20_2,B20,2,4,47.33,47.17,0.17,0.360398558,0,,0,0.825083086,30.09,31.583
B20_2,B20,2,3,47.17,47,0.17,0.361702128,0,,0,0.831858407,31.583,32.73
B78_1,B78,1,2,46.17,46,0.17,0.369565217,,0,0,0.789782609,32.952,32.32
B34_2,B34,2,4,45.5,45.33,0.17,0.375027576,0,,0,0.792898373,30.2,31.57
B34_2,B34,2,3,45.33,45.17,0.17,0.376355988,0,,0,0.79245614,31.57,32.783
B34_2,B34,2,2,45.17,45,0.17,0.377777778,0,,0,0.803571429,32.783,32.82
B58_1,B58,1,5,80.83,80.5,0.33,0.409937888,,0,0,0.741242236,28.2965,30.41
B58_1,B58,1,3,80.33,80,0.33,0.4125,,0,0,0.747875,31.403,32.573
LY399_1,LY399,1,4,80.33,80,0.33,0.4125,,0,0,0.766625,30.443,31.348
B008_1,B008,1,4,78.5,78.17,0.33,0.422156838,,0,0,0.803761034,30.2,31.44
LY529B016_1,LY529B016,1,4,77.67,77.33,0.33,0.426742532,,0,0,0.775895513,30.37,32.068
LY97_1,LY97,1,5,74.67,74.33,0.33,0.443966097,,0,0,0.742230593,28.686,30.44
O142_1,O142,1,4,74.5,74.17,0.33,0.444923824,,0,0,0.768504786,30.22,31.373
B007_1,B007,1,4,74.33,74,0.33,0.445945946,,0,0,0.727432432,30.28,31.87
SY517_1,SY517,1,3,74,73.67,0.33,0.447943532,,0,0,0.769241211,32.088,32.357
O36_1,O36,1,1,73.33,73,0.33,0.452054795,,0,0,0.753424658,32.333,32.03425
LY97_1,LY97,1,3,73,72.67,0.33,0.45410761,,0,0,0.740745837,31.17,32.475
LY274B14_1,LY274B14,1,3,72.67,72.33,0.33,0.456242223,,0,0,0.762754044,31.313,32.634
B005_1,B005,1,4,71,70.67,0.33,0.466959106,,0,0,0.797085043,30.18,31.49
B27_1,B27,1,4,70.83,70.5,0.33,0.468085106,,0,0,0.784822695,30.18,31.583
LY344_1,LY344,1,2,70.67,70.33,0.33,0.469216551,,0,0,0.805772785,32.165,32.992
LY355B012_1,LY355B012,1,5,69.5,69.17,0.33,0.477085442,,0,0,,28.87014286,30.508
SY518_1,SY518,1,4,67.83,67.5,0.33,0.488888889,,0,0,0.804888889,29.927,31.933
LY372_1,LY372,1,5,67,66.67,0.33,0.494975251,,0,0,,28.13142857,30.26
B33_1,B33,1,3,66.67,66.33,0.33,0.497512438,,0,0,0.80159807,31.55,32.704
B21_1,B21,1,5,65.83,65.5,0.33,0.503816794,,0,0,0.748091603,27.569,30.03
B68_2,B68,2,5,65.67,65.33,0.33,0.505127813,0,,0,0.78239521,27.97025,30.2
B21_1,B21,1,3,65.33,65,0.33,0.507692308,,0,0,0.753846154,31.543,32.645
LY249_1,LY249,1,2,65.33,65,0.33,0.507692308,,0,0,0.953846154,32.78,32.649
B80_1,B80,1,5,65,64.67,0.33,0.510282975,,0,0,0.791247874,28.75775,30.598
B80_1,B80,1,3,64.67,64.33,0.33,0.512979947,,0,0,0.785014768,31.47,32.6
LY363_1,LY363,1,2,63.33,63,0.33,0.523809524,,0,0,0.801587302,32.56,32.587
B46_2,B46,2,3,63.17,62.83,0.33,0.525226802,0,,0,0.782148637,31.42,33.159
LY85_1,LY85,1,4,63.17,62.83,0.33,0.525226802,,0,0,0.753302562,30.83,31.287
B008_2,B008,2,3,62.83,62.5,0.33,0.528,0,,0,0.808224492,31.44,32.36
LY357_2,LY357,2,4,61.33,61,0.33,0.540983607,0,,0,0.826222403,30.37,31.57
LY357_2,LY357,2,3,61,60.67,0.33,0.543926158,0,,0,0.838794414,31.57,32.143
LY529B016_2,LY529B016,2,5,60.83,60.5,0.33,0.545454545,0,,0,0.778936526,28.5155,30.37
B24_1,B24,1,5,60,59.67,0.33,0.55304173,,0,0,0.776437071,27.0295,30.03
B49_2,B49,2,3,59,58.67,0.33,0.562468042,0,,0,0.816789642,31.283,32.544
B24_1,B24,1,3,57.5,57.17,0.33,0.577225818,,0,0,0.778380269,31.457,32.602
O142_2,O142,2,4,57.33,57,0.33,0.578947368,0,,0,0.768504786,30.22,31.373
LY347_2,LY347,2,5,56.83,56.5,0.33,0.584070796,0,,0,0.710691824,28.3085,30.28
LY347_2,LY347,2,3,56.33,56,0.33,0.589285714,0,,0,0.719516896,31.38,32.516
O142_2,O142,2,2,56.33,56,0.33,0.589285714,0,,0,0.713375796,32.97,32.145
B68_1,B68,1,4,83.5,83,0.5,0.602409639,,0,0,0.785180723,30.2,31.23
B68_1,B68,1,3,83,82.5,0.5,0.606060606,,0,0,0.77369697,31.23,32.45
B010_2,B010,2,3,54.5,54.17,0.33,0.60919328,0,,0,,31.283,32.887
B68_1,B68,1,1,82.5,82,0.5,0.609756098,,0,0,0.798780488,32.007,31.29075
LY106_2,LY106,2,4,54.17,53.83,0.33,0.613041055,0,,0,0.793601651,30.28,31.947
B33_2,B33,2,5,53.5,53.17,0.33,0.620650743,0,,0,0.785724841,27.3475,30.18
B31_1,B31,1,2,80.5,80,0.5,0.625,,0,0,0.8,32.67,33.033
LY106_2,LY106,2,2,52.83,52.5,0.33,0.628571429,0,,0,0.795454545,32.687,32.188
B31_1,B31,1,1,80,79.5,0.5,0.628930818,,0,0,0.79245283,33.033,32.92425
LY347_1,LY347,1,5,80,79.5,0.5,0.628930818,,0,0,0.710691824,28.3085,30.28
B48_1,B48,1,3,79.67,79.17,0.5,0.631552356,,0,0,0.747379058,31.83,33.073
B71_2,B71,2,4,52.17,51.83,0.33,0.636696894,0,,0,0.756642336,30.22,31.335
B58_1,B58,1,1,79,78.5,0.5,0.636942675,,0,0,0.751592357,32.19,31.5515
B71_2,B71,2,3,51.83,51.5,0.33,0.640776699,0,,0,0.751824818,31.335,32.774
B59_1,B59,1,4,51.5,51.17,0.33,0.644909126,,0,0,,30.24,31.96
B83_1,B83,1,5,77.33,76.83,0.5,0.650787453,,0,0,0.79617337,29.74,31.1
LY386_1,LY386,1,1,76.5,76,0.5,0.657894737,,0,0,0.717105263,32.665,31.435
LY253_1,LY253,1,5,76,75.5,0.5,0.662251656,,0,0,,27.7775,30.09
LY103_2,LY103,2,4,49.83,49.5,0.33,0.666666667,0,,0,0.698856417,30.2,31.895
LY253_1,LY253,1,3,75.33,74.83,0.5,0.668181211,,0,0,,31.335,32.417
LY103_2,LY103,2,3,49.5,49.17,0.33,0.67114094,0,,0,0.700726806,31.895,32.583
LY357_1,LY357,1,4,74.33,73.83,0.5,0.677231478,,0,0,0.826222403,30.37,31.57
B007_1,B007,1,2,73.83,73.33,0.5,0.681849175,,0,0,0.738715396,32.599,30.28
B79_1,B79,1,2,73.5,73,0.5,0.684931507,,0,0,0.828767123,32.45,31.684
LY274B14_1,LY274B14,1,2,72.33,71.83,0.5,0.696087986,,0,0,0.754141724,32.634,32.266
B005_1,B005,1,5,71.5,71,0.5,0.704225352,,0,0,0.786338028,28.545,30.18
LY479_1,LY479,1,3,71,70.5,0.5,0.709219858,,0,0,0.808510638,31.47,32.86
LY90_1,LY90,1,5,69.83,69.33,0.5,0.721188519,,0,0,0.800519256,28.018,30.283
B40_1,B40,1,3,69.5,69,0.5,0.724637681,,0,0,0.811594203,31.49,32.652
LY90_1,LY90,1,3,68.67,68.17,0.5,0.733460466,,0,0,0.794631069,31.66,32.737
LY79_1,LY79,1,5,68.5,68,0.5,0.735294118,,0,0,0.757352941,28.61925,30.457
B33_1,B33,1,5,68.17,67.67,0.5,0.738879858,,0,0,0.785724841,27.3475,30.18
B004_1,B004,1,5,67.67,67.17,0.5,0.744379932,,0,0,0.858567813,28.18875,30.41
B011_1,B011,1,3,67.33,66.83,0.5,0.748166991,,0,0,0.765674098,31.487,32.712
SY598_1,SY598,1,4,66,65.5,0.5,0.763358779,,0,0,0.801526718,30.427,31.28
B21_1,B21,1,1,63.5,63,0.5,0.793650794,,0,0,0.714285714,32.62,32.005
B80_1,B80,1,1,63.5,63,0.5,0.793650794,,0,0,0.785714286,32.353,31.95525
LY252_2,LY252,2,5,62.83,62.33,0.5,0.802181935,0,,0,,27.489,30.16
B006_1,B006,1,5,62.67,62.17,0.5,0.804246421,,0,0,0.726556217,28.128,30.28
LY249_2,LY249,2,2,62.5,62,0.5,0.806451613,0,,0,0.953846154,32.78,32.649
LY252_2,LY252,2,3,62.17,61.67,0.5,0.810766986,0,,0,,31.243,32.403
B29_1,B29,1,5,62,61.5,0.5,0.81300813,,0,0,0.823902439,27.2965,30.2
LY529B016_2,LY529B016,2,4,60.5,60,0.5,0.833333333,0,,0,0.775895513,30.37,32.068
B58_2,B58,2,5,60.17,59.67,0.5,0.837942014,0,,0,0.741242236,28.2965,30.41
B010_1,B010,1,2,79.67,79,0.67,0.848101266,,0,0,0.675063291,32.887,33.04
B48_2,B48,2,2,59.17,58.67,0.5,0.852224305,0,,0,0.724320988,33.073,32.587
LY344_2,LY344,2,4,58.33,57.83,0.5,0.864603147,0,,0,0.818310457,30.457,31.57
LY394_1,LY394,1,1,77.67,77,0.67,0.87012987,,0,0,0.662337662,32.242,31.69925
B20_1,B20,1,4,57.67,57.17,0.5,0.874584572,,0,0,0.825083086,30.09,31.583
B83_1,B83,1,4,76.83,76.17,0.67,0.879611396,,0,0,0.792044112,31.1,31.615
LY344_2,LY344,2,2,57.17,56.67,0.5,0.882301041,0,,0,0.805772785,32.165,32.992
SY517_2,SY517,2,3,57.17,56.67,0.5,0.882301041,0,,0,0.769241211,32.088,32.357
SY517_2,SY517,2,5,57,56.5,0.5,0.884955752,0,,0,0.770489568,27.8375,30.24
B20_1,B20,1,2,56.5,56,0.5,0.892857143,,0,0,0.830357143,32.73,32.74
LY353B002_1,LY353B002,1,2,75.67,75,0.67,0.893333333,,0,0,0.766666667,32.678,32.57
B20_1,B20,1,1,56,55.5,0.5,0.900900901,,0,0,0.864864865,32.74,32.20625
B34_1,B34,1,1,56,55.5,0.5,0.900900901,,0,0,0.792792793,32.82,32.44525
LY274B14_2,LY274B14,2,4,55.83,55.33,0.5,0.903668896,0,,0,0.761387092,30.11,31.313
B142_2,B142,2,3,55.17,54.67,0.5,0.914578379,0,,0,0.74890411,31.96,32.588
B010_2,B010,2,4,55,54.5,0.5,0.917431193,0,,0,,30.84,31.283
LY386_2,LY386,2,1,55,54.5,0.5,0.917431193,0,,0,0.717105263,32.665,31.435
O36_1,O36,1,3,73.5,72.83,0.67,0.91995057,,0,0,0.775779212,31.21,32.685
LY90_2,LY90,2,3,54.67,54.17,0.5,0.923020122,0,,0,0.794631069,31.66,32.737
LY551_2,LY551,2,2,54.5,54,0.5,0.925925926,0,,0,0.765957447,32.816,32.49
LY97_2,LY97,2,3,54.33,53.83,0.5,0.928850084,0,,0,0.740745837,31.17,32.475
LY97_1,LY97,1,2,72.67,72,0.67,0.930555556,,0,0,0.740694444,32.475,32.223
LY97_2,LY97,2,2,53.83,53.33,0.5,0.937558597,0,,0,0.740694444,32.475,32.223
LY344_1,LY344,1,5,71.33,70.67,0.67,0.948068487,,0,0,0.825385595,29.3885,30.457
LY551_1,LY551,1,3,71.17,70.5,0.67,0.95035461,,0,0,0.773049645,31.625,32.816
LY103_1,LY103,1,3,70.83,70.17,0.67,0.954823999,,0,0,0.700726806,31.895,32.583
B27_1,B27,1,3,70.5,69.83,0.67,0.959473006,,0,0,0.804382071,31.583,32.687
LY106_2,LY106,2,1,52.5,52,0.5,0.961538462,0,,0,0.8,32.188,30.684
B011_2,B011,2,4,52.33,51.83,0.5,0.964692263,0,,0,0.769790584,30.18,31.487
LY79_2,LY79,2,5,52,51.5,0.5,0.970873786,0,,0,0.757352941,28.61925,30.457
LY90_1,LY90,1,4,69.33,68.67,0.67,0.975680792,,0,0,0.796126402,30.283,31.66
B71_2,B71,2,2,51.5,51,0.5,0.980392157,0,,0,0.755555556,32.774,33.008
LY355B012_1,LY355B012,1,3,69,68.33,0.67,0.980535636,,0,0,0.817064247,31.587,32.45
LY79_1,LY79,1,2,66.67,66,0.67,1.015151515,,0,0,0.75,32.52,32.258
B29_2,B29,2,2,49.5,49,0.5,1.020408163,0,,0,0.844827586,33.085,32.587
LY85_2,LY85,2,5,48,47.5,0.5,1.052631579,0,,0,0.751939212,29.33725,30.83
LY347_1,LY347,1,4,79.5,78.67,0.83,1.055040041,,0,0,0.716028982,30.28,31.38
LY347_1,LY347,1,3,78.67,77.83,0.83,1.066426828,,0,0,0.719516896,31.38,32.516
B62_1,B62,1,2,78.33,77.5,0.83,1.070967742,,0,0,0.791354839,32.518,33.03
B008_1,B008,1,3,78.17,77.33,0.83,1.073322126,,0,0,0.808224492,31.44,32.36
B20_2,B20,2,2,47,46.5,0.5,1.075268817,0,,0,0.830357143,32.73,32.74
LY85_1,LY85,1,3,62.83,62.17,0.67,1.077690204,,0,0,0.750683609,31.287,32.818
LY347_1,LY347,1,1,77.83,77,0.83,1.077922078,,0,0,0.733766234,32.478,32.1735
B19_1,B19,1,3,62.67,62,0.67,1.080645161,,0,0,0.774193548,31.257,32.365
LY85_2,LY85,2,2,46.67,46.17,0.5,1.082954299,0,,0,0.750731707,32.818,32.61
LY85_1,LY85,1,2,62.17,61.5,0.67,1.089430894,,0,0,0.750731707,32.818,32.61
B34_2,B34,2,5,46,45.5,0.5,1.098901099,0,,0,0.810040947,27.90875,30.2
B78_1,B78,1,1,46,45.5,0.5,1.098901099,,0,0,0.769230769,32.32,30.632
B29_1,B29,1,4,61.5,60.83,0.67,1.101430215,,0,0,0.816537892,30.2,31.65
B83_1,B83,1,3,76.17,75.33,0.83,1.101818665,,0,0,0.807513607,31.615,32.887
B79_1,B79,1,5,76,75.17,0.83,1.104163895,,0,0,0.813755488,27.2105,30.16
B79_2,B79,2,3,61.17,60.5,0.67,1.107438017,0,,0,0.823129252,31.8,32.45
B83_1,B83,1,2,75.33,74.5,0.83,1.11409396,,0,0,0.805369128,32.887,32.78
B006_2,B006,2,4,45.17,44.67,0.5,1.119319454,0,,0,0.709047619,30.28,31.76
B006_2,B006,2,3,44.67,44.17,0.5,1.131990038,0,,0,0.720202185,31.76,32.568
LY357_1,LY357,1,2,72.33,71.5,0.83,1.160839161,,0,0,0.818181818,32.143,32.77
B49_1,B49,1,2,71.83,71,0.83,1.169014085,,0,0,0.85915493,32.544,31.78
B27_1,B27,1,5,71.67,70.83,0.83,1.17181985,,0,0,0.783566285,27.767,30.18
LY344_2,LY344,2,3,57.83,57.17,0.67,1.171943327,0,,0,0.808971275,31.57,32.165
B20_1,B20,1,3,57.17,56.5,0.67,1.185840708,,0,0,0.831858407,31.583,32.73
O142_2,O142,2,3,57,56.33,0.67,1.189419492,0,,0,0.756107383,31.373,32.97
LY344_1,LY344,1,1,70.33,69.5,0.83,1.194244604,,0,0,0.827338129,32.992,33.4885
SY517_2,SY517,2,2,56.67,56,0.67,1.196428571,0,,0,0.756756757,32.357,32.413
B005_2,B005,2,5,56.5,55.83,0.67,1.200071646,0,,0,0.786338028,28.545,30.18
B54_1,B54,1,5,69,68.17,0.83,1.217544374,,0,0,0.796978143,28.48125,30.285
B54_2,B54,2,4,54.33,53.67,0.67,1.248369666,0,,0,0.785452949,30.285,31.488
SY518_2,SY518,2,3,54.33,53.67,0.67,1.248369666,0,,0,0.791242813,31.933,32.287
B007_2,B007,2,5,54,53.33,0.67,1.256328521,0,,0,0.71747612,27.829,30.28
B31_1,B31,1,4,80.17,79.17,1,1.263104711,,0,0,0.795755968,30.37,31.74
SY518_2,SY518,2,2,53.67,53,0.67,1.264150943,0,,0,0.796992481,32.287,32.46
B58_1,B58,1,2,80,79,1,1.265822785,,0,0,0.746835443,32.573,32.19
LY394_1,LY394,1,5,80,79,1,1.265822785,,0,0,0.689873418,28.62575,30.613
B010_1,B010,1,1,79,78,1,1.282051282,,0,0,0.692307692,33.04,33.3092
B38_1,B38,1,3,65.5,64.67,0.83,1.283438998,,0,0,0.783516314,31.13,32.318
LY529B016_1,LY529B016,1,5,78.67,77.67,1,1.287498391,,0,0,0.778936526,28.5155,30.37
LY529B016_1,LY529B016,1,1,78,77,1,1.298701299,,0,0,0.753246753,32.962,32.5645
B80_1,B80,1,2,64.33,63.5,0.83,1.307086614,,0,0,0.811023622,32.6,32.353
B011_2,B011,2,3,51.83,51.17,0.67,1.309360954,0,,0,0.765674098,31.487,32.712
LY85_1,LY85,1,5,64,63.17,0.83,1.313914833,,0,0,0.751939212,29.33725,30.83
B80_2,B80,2,3,51.17,50.5,0.67,1.326732673,0,,0,0.785014768,31.47,32.6
O142_1,O142,1,5,75.5,74.5,1,1.342281879,,0,0,0.769530201,27.3615,30.22
B35_2,B35,2,4,49.67,49,0.67,1.367346939,0,,0,0.748091603,30.5,31.13
B83_2,B83,2,4,61.17,60.33,0.83,1.375766617,0,,0,0.792044112,31.1,31.615
B78_2,B78,2,2,36.83,36.33,0.5,1.376273053,0,,0,0.789782609,32.952,32.32
LY103_2,LY103,2,2,49.17,48.5,0.67,1.381443299,0,,0,0.687943262,32.583,32.148
B83_2,B83,2,2,60.83,60,0.83,1.383333333,0,,0,0.805369128,32.887,32.78
LY551_1,LY551,1,4,72.17,71.17,1,1.405086413,,0,0,0.763383448,30.673,31.625
B58_2,B58,2,2,59.83,59,0.83,1.406779661,0,,0,0.746835443,32.573,32.19
B64_1,B64,1,3,72,71,1,1.408450704,,0,0,0.821549296,32.055,32.753
B64_1,B64,1,1,71,70,1,1.428571429,,0,0,0.828571429,33.658,33.91575
B64_2,B64,2,4,58.67,57.83,0.83,1.435241224,0,,0,0.803194444,30.425,32.055
LY85_2,LY85,2,3,47.33,46.67,0.67,1.435611742,0,,0,0.750683609,31.287,32.818
LY353B002_2,LY353B002,2,2,58.33,57.5,0.83,1.443478261,0,,0,0.766666667,32.678,32.57
B38_1,B38,1,5,69.5,68.5,1,1.459854015,,0,0,0.739708029,28.8635,30.5
B004_2,B004,2,4,57.67,56.83,0.83,1.460496217,0,,0,0.878769136,30.41,31.43
B24_2,B24,2,4,46.33,45.67,0.67,1.467046201,0,,0,0.79426087,30.03,31.457
B28_1,B28,1,1,69,68,1,1.470588235,,0,0,0.764705882,32.488,31.70425
B71_1,B71,1,2,68.5,67.5,1,1.481481481,,0,0,0.755555556,32.774,33.008
B004_2,B004,2,2,56.83,56,0.83,1.482142857,0,,0,0.903225806,33.12,32.985
LY479_2,LY479,2,1,56.83,56,0.83,1.482142857,0,,0,0.794326241,32.47,31.84285714
B33_1,B33,1,4,67.67,66.67,1,1.499925004,,0,0,0.799910004,30.18,31.55
LY90_2,LY90,2,4,55.5,54.67,0.83,1.51820011,0,,0,0.796126402,30.283,31.66
LY394_2,LY394,2,5,55.33,54.5,0.83,1.52293578,0,,0,0.689873418,28.62575,30.613
LY551_2,LY551,2,4,55.17,54.33,0.83,1.527701086,0,,0,0.763383448,30.673,31.625
LY97_2,LY97,2,4,55.17,54.33,0.83,1.527701086,0,,0,0.744246575,30.44,31.17
B142_2,B142,2,5,55,54.17,0.83,1.532213402,0,,0,0.742054795,28.32725,30.427
B27_2,B27,2,1,54.83,54,0.83,1.537037037,0,,0,0.72,32.544,31.865
LY106_1,LY106,1,1,66,65,1,1.538461538,,0,0,0.8,32.188,30.684
B006_2,B006,2,2,44.17,43.5,0.67,1.540229885,0,,0,0.707317073,32.568,31.98
LY394_2,LY394,2,4,54.5,53.67,0.83,1.546487796,0,,0,0.691000386,30.613,31.43
B010_2,B010,2,2,54.17,53.33,0.83,1.556347272,0,,0,0.675063291,32.887,33.04
LY353B002_1,LY353B002,1,4,76.33,75.17,1.17,1.556471997,,0,0,0.778235998,30.543,31.457
LY249_1,LY249,1,1,65,64,1,1.5625,,0,0,0.9453125,32.649,31.7365
B54_2,B54,2,3,53.67,52.83,0.83,1.57107704,0,,0,0.796472185,31.488,32.685
LY363_1,LY363,1,3,64.33,63.33,1,1.579030475,,0,0,0.794726038,31.53,32.56
SY598_2,SY598,2,4,53.33,52.5,0.83,1.580952381,0,,0,0.801526718,30.427,31.28
B46_2,B46,2,4,64.17,63.17,1,1.583029919,0,,0,0.791306526,30.37,31.42
B31_2,B31,2,1,64,63,1,1.587301587,0,,0,0.79245283,33.033,32.92425
LY249_2,LY249,2,5,63.5,62.5,1,1.6,0,,0,0.961538462,27.8945,30.37
B142_1,B142,1,3,74.17,73,1.17,1.602739726,,0,0,0.74890411,31.96,32.588
B19_1,B19,1,1,62,61,1,1.639344262,,0,0,0.762295082,31.443,29.964
B69_1,B69,1,2,61,60,1,1.666666667,,0,0,0.786166667,32.53,32.28
B60_1,B60,1,5,60,59,1,1.694915254,,0,0,0.844576271,27.451,30.102
B69_1,B69,1,1,60,59,1,1.694915254,,0,0,0.805084746,32.28,32.04
LY529B016_2,LY529B016,2,3,60,59,1,1.694915254,0,,0,0.756410256,32.068,32.39
LY394_1,LY394,1,4,79,77.67,1.33,1.71237286,,0,0,0.691000386,30.613,31.43
B35_2,B35,2,3,49,48.17,0.83,1.723064148,0,,0,0.754660818,31.13,32.318
LY252_2,LY252,2,1,59,58,1,1.724137931,0,,0,,31.42,29.959
B64_2,B64,2,2,58.33,57.33,1,1.744287459,0,,0,0.807464789,32.753,33.658
B29_1,B29,1,1,58,57,1,1.754385965,,0,0,0.868421053,32.587,31.5945
B69_2,B69,2,2,48,47.17,0.83,1.759592962,0,,0,0.786166667,32.53,32.28
O36_2,O36,2,4,57.33,56.33,1,1.775252974,0,,0,0.766394558,30.415,31.21
B34_1,B34,1,2,57,56,1,1.785714286,,0,0,0.803571429,32.783,32.82
B27_2,B27,2,5,56.5,55.5,1,1.801801802,0,,0,0.783566285,27.767,30.18
SY517_1,SY517,1,5,74.67,73.33,1.33,1.813718805,,0,0,0.770489568,27.8375,30.24
O142_2,O142,2,1,56,55,1,1.818181818,0,,0,0.733333333,32.145,31.0475
SY517_2,SY517,2,1,56,55,1,1.818181818,0,,0,0.743243243,32.413,31.2315
LY97_1,LY97,1,4,74.33,73,1.33,1.821917808,,0,0,0.744246575,30.44,31.17
SY518_2,SY518,2,4,55.33,54.33,1,1.840603718,0,,0,0.804888889,29.927,31.933
LY274B14_2,LY274B14,2,2,55.17,54.17,1,1.846040244,0,,0,0.754141724,32.634,32.266
B64_1,B64,1,4,73.33,72,1.33,1.847222222,,0,0,0.803194444,30.425,32.055
LY274B14_1,LY274B14,1,1,71.83,70.5,1.33,1.886524823,,0,0,0.773049645,32.266,31.56425
B46_2,B46,2,1,63.17,62,1.17,1.887096774,0,,0,0.784810127,32.623,32.035
LY106_2,LY106,2,3,53.83,52.83,1,1.892863903,0,,0,0.780700458,31.947,32.687
B69_1,B69,1,4,62.33,61.17,1.17,1.912702305,,0,0,0.784698382,30.26,31.11
B011_1,B011,1,4,68.67,67.33,1.33,1.975345314,,0,0,0.769790584,30.18,31.487
LY272_2,LY272,2,5,60,58.83,1.17,1.988781234,0,,0,0.772351319,27.63675,30.227
LY272_2,LY272,2,3,59.83,58.67,1.17,1.994204875,0,,0,0.753822434,31.72,32.868
LY79_1,LY79,1,3,68,66.67,1.33,1.994900255,,0,0,0.777411129,31.27,32.52
B71_2,B71,2,1,51,50,1,2,0,,0,0.729927007,33.008,33.18375
SY518_1,SY518,1,2,67.83,66.5,1.33,2,,0,0,0.796992481,32.287,32.46
B29_2,B29,2,4,50.67,49.67,1,2.013287699,0,,0,0.816537892,30.2,31.65
B35_2,B35,2,5,50.67,49.67,1,2.013287699,0,,0,0.735851852,28.8635,30.5
B011_1,B011,1,2,66.83,65.5,1.33,2.030534351,,0,0,0.748091603,,
B79_1,B79,1,4,75.17,73.67,1.5,2.036106963,,0,0,0.83032442,30.16,31.8
O36_1,O36,1,4,75,73.5,1.5,2.040816327,,0,0,0.766394558,30.415,31.21
B60_2,B60,2,4,49.83,48.83,1,2.04792136,0,,0,0.818334171,30.102,31.635
B83_1,B83,1,1,74.5,73,1.5,2.054794521,,0,0,0.828767123,32.78,32.896
LY357_1,LY357,1,3,73.83,72.33,1.5,2.073828287,,0,0,0.838794414,31.57,32.143
B21_2,B21,2,2,49,48,1,2.083333333,0,,0,0.755905512,32.645,32.62
B68_2,B68,2,3,65.17,63.83,1.33,2.083659721,0,,0,0.77369697,31.23,32.45
LY355B012_2,LY355B012,2,3,57,55.83,1.17,2.095647501,0,,0,0.817064247,31.587,32.45
B79_1,B79,1,1,73,71.5,1.5,2.097902098,,0,0,0.825174825,31.684,29.8215
B004_1,B004,1,3,64.67,63.33,1.33,2.100110532,,0,0,0.897363019,31.43,33.12
B35_2,B35,2,2,48.17,47.17,1,2.11999152,0,,0,0.75472,32.318,31.978
B32_1,B32,1,2,48,47,1,2.127659574,,0,0,0.563829787,32.708,32.495
B35_1,B35,1,2,63.83,62.5,1.33,2.128,,0,0,0.75472,32.318,31.978
B003_1,B003,1,4,63.5,62.17,1.33,2.13929548,,0,0,,,
B004_1,B004,1,2,63.33,62,1.33,2.14516129,,0,0,0.903225806,33.12,32.985
B32_1,B32,1,1,47,46,1,2.173913043,,0,0,0.586956522,32.495,31.73275
LY399_2,LY399,2,2,61.33,60,1.33,2.216666667,0,,0,0.767557887,32.56,32.042
B40_1,B40,1,2,69,67.5,1.5,2.222222222,,0,0,0.82962963,32.652,32.647
LY90_1,LY90,1,1,68.5,67,1.5,2.23880597,,0,0,0.776119403,32.73,32.227
B34_2,B34,2,1,45,44,1,2.272727273,0,,0,0.792792793,32.82,32.44525
LY353B002_2,LY353B002,2,4,59.83,58.5,1.33,2.273504274,0,,0,0.778235998,30.543,31.457
B60_1,B60,1,3,59.67,58.33,1.33,2.280130293,,0,0,0.834390537,31.635,32.644
LY253_1,LY253,1,1,74.67,73,1.67,2.287671233,,0,0,,32.13,31.3785
B46_1,B46,1,2,80.33,78.5,1.83,2.331210191,,0,0,0.804713376,33.159,32.623
LY372_2,LY372,2,3,51.17,50,1.17,2.34,0,,0,0.746268657,31.66,32.58
LY399_1,LY399,1,2,80,78.17,1.83,2.341051554,,0,0,0.767557887,32.56,32.042
B21_1,B21,1,2,65,63.5,1.5,2.362204724,,0,0,0.755905512,32.645,32.62
B19_1,B19,1,4,64.17,62.67,1.5,2.393489708,,0,0,0.765916707,30.083,31.257
B24_2,B24,2,1,42.5,41.5,1,2.409638554,0,,0,0.768518519,31.743,30.1715
B27_2,B27,2,2,56.17,54.83,1.33,2.425679373,0,,0,0.786995838,32.687,32.544
B71_1,B71,1,5,70.17,68.5,1.67,2.437956204,,0,0,0.761605839,28.28225,30.22
LY363_1,LY363,1,1,63,61.5,1.5,2.43902439,,0,0,0.788617886,32.587,32.397
LY249_2,LY249,2,1,62,60.5,1.5,2.479338843,0,,0,0.9453125,32.649,31.7365
LY106_1,LY106,1,2,67.67,66,1.67,2.53030303,,0,0,0.795454545,32.687,32.188
B49_2,B49,2,4,60.5,59,1.5,2.542372881,0,,0,0.83486628,30.26,31.283
B79_2,B79,2,1,60.5,59,1.5,2.542372881,0,,0,0.825174825,31.684,29.8215
B61_2,B61,2,4,39.67,38.67,1,2.585983967,0,,0,,30.28,31.668
B35_1,B35,1,3,65.5,63.83,1.67,2.616324612,,0,0,0.754660818,31.13,32.318
B24_2,B24,2,3,45.67,44.5,1.17,2.629213483,0,,0,0.778380269,31.457,32.602
B31_2,B31,2,4,64.67,63,1.67,2.650793651,0,,0,0.795755968,30.37,31.74
B38_1,B38,1,2,64.67,63,1.67,2.650793651,,0,0,0.78047619,32.318,31.978
B005_1,B005,1,2,70.83,69,1.83,2.652173913,,0,0,0.731884058,32.475,32.357
B28_1,B28,1,2,70.83,69,1.83,2.652173913,,0,0,0.753623188,32.625,32.488
B59_2,B59,2,1,38.5,37.5,1,2.666666667,0,,0,0.75,32.393,31.33971429
B59_1,B59,1,2,51.17,49.83,1.33,2.669074855,,0,0,0.772626932,32.405,32.393
B46_1,B46,1,4,82,79.83,2.17,2.718276337,,0,0,0.791306526,30.37,31.42
LY97_2,LY97,2,5,56.67,55.17,1.5,2.718868951,0,,0,0.742230593,28.686,30.44
B006_1,B006,1,3,63,61.33,1.67,2.722974075,,0,0,0.720202185,31.76,32.568
B005_2,B005,2,3,56.33,54.83,1.5,2.735728616,0,,0,0.774107017,31.49,32.475
B49_1,B49,1,4,72.67,70.67,2,2.830055186,,0,0,0.83486628,30.26,31.283
B142_2,B142,2,1,54.5,53,1.5,2.830188679,0,,0,0.716216216,32.762,32.14375
LY551_2,LY551,2,1,54,52.5,1.5,2.857142857,0,,0,0.777777778,32.49,31.964
LY97_1,LY97,1,1,72,70,2,2.857142857,,0,0,0.771428571,32.223,32.013
B28_2,B28,2,2,53.5,52,1.5,2.884615385,0,,0,0.753623188,32.625,32.488
B48_2,B48,2,1,58.67,57,1.67,2.929824561,0,,0,0.72611465,32.587,31.536
B54_1,B54,1,3,68.33,66.33,2,3.015226896,,0,0,0.796472185,31.488,32.685
SY598_1,SY598,1,5,68,66,2,3.03030303,,0,0,0.808030303,28.356,30.427
B38_2,B38,2,2,50.67,49.17,1.5,3.050640635,0,,0,0.78047619,32.318,31.978
B35_1,B35,1,4,67.5,65.5,2,3.053435115,,0,0,0.748091603,30.5,31.13
SY598_2,SY598,2,1,50,48.5,1.5,3.092783505,0,,0,0.763779528,32.157,31.616
B008_1,B008,1,2,77.33,75,2.33,3.106666667,,0,0,0.8,32.36,32.256
B19_2,B19,2,4,49.5,48,1.5,3.125,0,,0,0.765916707,30.083,31.257
B48_1,B48,1,1,81,78.5,2.5,3.184713376,,0,0,0.72611465,32.587,31.536
B19_2,B19,2,2,48,46.5,1.5,3.225806452,0,,0,0.75,32.365,31.443
B32_1,B32,1,5,53.17,51.5,1.67,3.242718447,,0,0,0.637475728,27.73625,30.2
SY598_1,SY598,1,2,65.67,63.5,2.17,3.417322835,,0,0,0.787401575,32.61,32.157
LY529B016_2,LY529B016,2,1,60,58,2,3.448275862,0,,0,0.753246753,32.962,32.5645
B61_2,B61,2,3,38.67,37.33,1.33,3.562818109,0,,0,,31.668,32.828
O36_2,O36,2,1,57,55,2,3.636363636,0,,0,0.753424658,32.333,32.03425
LY357_2,LY357,2,2,60.67,58.5,2.17,3.709401709,0,,0,0.818181818,32.143,32.77
B24_1,B24,1,4,59.67,57.5,2.17,3.773913043,,0,0,0.79426087,30.03,31.457
B78_2,B78,2,1,36.33,35,1.33,3.8,0,,0,0.769230769,32.32,30.632
LY90_2,LY90,2,1,54,52,2,3.846153846,0,,0,0.776119403,32.73,32.227
B004_1,B004,1,4,67.17,64.67,2.5,3.865780114,,0,0,0.878769136,30.41,31.43
B78_1,B78,1,5,53.33,51.33,2,3.896356906,,0,0,0.798753166,27.189,30.313
SY518_1,SY518,1,1,66.5,64,2.5,3.90625,,0,0,0.828125,32.46,31.34875
LY386_2,LY386,2,3,61.5,59.17,2.33,3.937806321,0,,0,0.778552632,31.66,32.74
LY272_1,LY272,1,1,78,75,3,4,,0,0,0.84,32.668,31.87225
B80_2,B80,2,1,51.5,49.5,2,4.04040404,0,,0,0.785714286,32.353,31.95525
LY363_2,LY363,2,1,50.5,48.5,2,4.12371134,0,,0,0.788617886,32.587,32.397
B008_2,B008,2,2,62.5,60,2.5,4.166666667,0,,0,0.8,32.36,32.256
B61_2,B61,2,1,37.5,36,1.5,4.166666667,0,,0,0.648648649,32.77,32.088
B010_2,B010,2,5,57.33,55,2.33,4.236363636,0,,0,,29.2072,30.84
LY85_1,LY85,1,1,61.5,59,2.5,4.237288136,,0,0,0.796610169,32.61,32.77275
B28_1,B28,1,5,68.5,65.67,2.83,4.309425917,,0,0,0.817268159,27.78975,30.2
B011_2,B011,2,2,51.17,49,2.17,4.428571429,0,,0,0.748091603,,
LY551_1,LY551,1,1,70.5,67.5,3,4.444444444,,0,0,0.777777778,32.49,31.964
LY252_2,LY252,2,2,61.67,59,2.67,4.525423729,0,,0,,32.403,31.42
B38_1,B38,1,4,68.5,65.5,3,4.580152672,,0,0,0.776030534,30.5,31.13
O142_1,O142,1,1,78.5,75,3.5,4.666666667,,0,0,0.733333333,32.145,31.0475
LY372_1,LY372,1,1,67,64,3,4.6875,,0,0,0.78125,32.73,32.31714286
B24_2,B24,2,2,44.5,42.5,2,4.705882353,0,,0,0.787037037,32.602,31.743
LY79_2,LY79,2,2,51.83,49.5,2.33,4.707070707,0,,0,0.75,32.52,32.258
B29_1,B29,1,2,60.83,58,2.83,4.879310345,,0,0,0.844827586,33.085,32.587
LY353B002_1,LY353B002,1,1,75,71.5,3.5,4.895104895,,0,0,0.804195804,32.57,32.36
B78_2,B78,2,3,38.67,36.83,1.83,4.968775455,0,,0,0.797704137,32.087,32.952
SY598_2,SY598,2,2,52.5,50,2.5,5,0,,0,0.787401575,32.61,32.157
B61_1,B61,1,2,61.5,58.5,3,5.128205128,,0,0,0.641025641,32.828,32.77
B61_1,B61,1,1,58.5,55.5,3,5.405405405,,0,0,0.648648649,32.77,32.088
B78_1,B78,1,3,48.67,46.17,2.5,5.414771497,,0,0,0.797704137,32.087,32.952
B78_1,B78,1,4,51.33,48.67,2.67,5.485925622,,0,0,0.794534621,30.313,32.087
B40_2,B40,2,1,56,53,3,5.660377358,0,,0,0.848,32.647,32.17175
B24_1,B24,1,2,57.17,54,3.17,5.87037037,,0,0,0.787037037,32.602,31.743
B61_2,B61,2,5,42,39.67,2.33,5.873456012,0,,0,,27.773,30.28
B78_2,B78,2,4,41,38.67,2.33,6.025342643,0,,0,0.794534621,30.313,32.087
B60_1,B60,1,2,58.33,55,3.33,6.054545455,,0,0,0.890909091,32.644,32.337
LY394_2,LY394,2,2,53.67,50.5,3.17,6.277227723,0,,0,0.650186687,32.69,32.242
B40_1,B40,1,4,74,69.5,4.5,6.474820144,,0,0,0.808201439,30.09,31.49
B21_2,B21,2,1,48,45,3,6.666666667,0,,0,0.714285714,32.62,32.005
B32_1,B32,1,4,51.5,48.17,3.33,6.9130164,,0,0,0.636703342,30.2,31.6
B49_2,B49,2,1,61,57,4,7.01754386,0,,0,,31.78,30.93071429
B32_2,B32,2,4,32.83,30.67,2.17,7.0753179,0,,0,0.636703342,30.2,31.6
B008_1,B008,1,1,75,70,5,7.142857143,,0,0,0.785714286,32.256,31.656
LY386_2,LY386,2,2,59.17,55,4.17,7.581818182,0,,0,0.718954248,32.74,32.665
B40_1,B40,1,1,67.5,62.5,5,8,,0,0,0.848,32.647,32.17175
B005_2,B005,2,2,54.83,50.5,4.33,8.574257426,0,,0,0.731884058,32.475,32.357
B008_2,B008,2,1,60,55,5,9.090909091,0,,0,0.785714286,32.256,31.656
B54_1,B54,1,1,66.5,60,6.5,10.83333333,,0,0,0.9,33.083,33.27675
LY103_2,LY103,2,1,48.5,42,6.5,15.47619048,0,,0,0.591549296,32.148,30.677
B32_2,B32,2,2,30.83,26.5,4.33,16.33962264,0,,0,0.563829787,32.708,32.495
B003_2,B003,2,2,50.33,,,,,,0,,,
